,tmp,tmp,tmp,tmp,tmp,tmp,tmp,tmp,tmp,tmp
1,nub,CG17724,hkb,ImpL2,ImpE2,Nek2,Antp,prd,odd,bun
2,tll,CG11208,brk,cad,peb,disco,erm,dpn,ems,Blimp-1
3,mfas,bmm,CG14427,Ama,CenG1A,numb,CG17786,gt,exex,Doc3
4,srp,ken,cnc,tsh,Doc2,fkh,eve,Ance,aay,zen
5,134,123,162,206,206,131,131,170,132,255
6,782,2941,783,784,785,781,752,819,821,850
7,1705,2124,1097,1097,1061,1025,1025,1099,1099,1402
8,53,91,85,88,61,89,89,126,125,162
9,1441,1740,1438,1740,1405,1401,1364,1744,1744,1744
10,2598,2599,2762,2601,889,2694,2694,2544,2543,988
11,259,187,226,304,302,220,189,225,184,303
12,114,32,37,2937,2937,68,2933,34,73,73
13,1255,1939,1939,1256,2207,1296,953,1294,1028,1141
14,34,38,186,107,12,32,74,15,15,15
15,796,872,836,1137,1061,847,847,1133,1133,757
16,1201,1201,1203,1242,1089,1127,1127,1128,1240,1125
17,1153,1115,1115,1148,1151,1155,1152,1190,1113,1154
18,2798,2756,2532,2760,2754,2754,2193,2534,2796,2796
19,226,187,302,225,224,189,222,228,185,185
20,2890,2894,3003,2911,3003,2815,2889,2892,2889,2892
21,2944,1288,2943,2943,873,874,1253,1175,1212,912
22,1184,1222,1183,1192,1148,1146,1149,1224,1185,1148
23,1112,1154,1154,1155,1153,1116,1151,1114,3007,1189
24,79,156,459,116,612,572,572,614,155,155
25,1071,1073,1146,1108,1110,1108,1108,1076,1076,1145
26,1364,1746,1746,2943,1363,1668,1671,985,1668,1706
27,1442,758,2048,1744,1744,1746,1708,760,1708,1668
28,2650,2197,2272,2196,2196,2271,2271,2234,2498,2498
29,34,74,38,37,32,114,35,66,68,2937
30,60,88,138,19,136,54,63,214,49,137
31,237,238,365,172,365,205,210,210,174,287
32,1059,1097,1099,1367,1367,1367,1060,488,1025,488
33,2719,2756,2641,2722,2722,2759,2723,2723,2750,2673
34,1226,1226,1129,1228,1129,1222,956,1227,1227,1153
35,958,972,1228,968,1010,1121,813,1226,3007,1226
36,2875,2751,3028,2910,2791,2791,2752,2815,2828,2876
37,976,291,768,3009,3009,736,634,599,2269,292
38,2219,883,1146,1146,1146,2378,2257,2257,1114,1114
39,417,414,454,494,418,456,416,415,452,455
40,421,500,576,458,458,537,460,575,461,465
41,493,532,532,454,379,530,455,455,452,456
42,1177,1139,1139,1216,1140,836,988,988,1063,1102
43,1402,831,1744,1744,1364,874,1364,909,1782,1254
44,2551,2586,2548,2585,2433,2433,2471,2592,2400,2629
45,2692,2691,719,2654,988,645,680,2696,679,645
46,1115,809,1153,1055,582,1196,883,1150,883,1119
47,1593,1628,1248,1286,1248,1592,1592,1596,1288,946
48,840,801,763,841,839,800,839,838,765,876
49,1107,1345,1321,1075,1321,1648,1075,1649,1689,1146
50,3008,1155,1330,1292,1323,1323,1361,1362,1019,1026
51,1017,1054,1093,1055,3004,1130,1130,1016,675,979
52,2941,1125,783,785,1128,822,781,919,784,747
53,1735,1772,781,1695,1683,2071,1810,1806,1996,783
54,1121,1125,1126,1200,1128,1160,1089,1123,1089,1196
55,2807,2937,2809,2850,108,20,183,2811,2999,2999
56,37,74,34,114,38,72,109,109,32,32
57,825,825,891,891,859,858,814,824,1086,1157
58,437,204,204,204,308,153,153,197,346,3010
59,646,608,603,603,644,605,567,3016,640,640
60,54,108,111,34,60,60,34,144,109,12
61,1394,1120,1120,1083,1120,1130,1701,1156,1156,1391
62,1251,1140,988,1025,1025,1063,1405,1102,1252,1292
63,1916,1037,2946,1987,1884,1873,1956,1959,1959,2060
64,438,325,286,325,247,247,247,399,361,319
65,2654,2280,2280,2280,760,760,760,684,2314,2314
66,690,689,693,688,726,692,696,3023,3023,694
67,173,240,252,238,174,174,175,280,242,213
68,1885,2188,1697,2189,2189,1657,1657,1619,1696,1963
69,469,436,467,465,433,431,435,426,319,356
70,74,2968,2847,2847,2885,37,2887,2886,2888,2881
71,1954,1683,1683,2952,2952,1685,1685,1686,1691,2254
72,2589,2589,2939,2588,2591,2591,2636,2714,2671,2670
73,1292,1291,988,1330,1329,1062,1062,1063,1102,1098
74,2724,2691,2762,2687,2689,2767,2728,2682,981,2643
75,265,263,340,301,302,266,302,339,342,380
76,1744,1402,1441,1062,1367,1367,1329,1063,1784,1405
77,210,134,171,237,246,246,172,246,238,318
78,1245,1282,1321,1358,1243,1131,1283,1280,1661,1396
79,1671,1668,2048,1670,2011,1634,1634,1631,1632,1708
80,2600,2514,2514,2557,2594,2478,2556,2598,2601,2593
81,2693,2696,2732,2732,2655,2692,2698,2692,2658,2695
82,956,1037,1001,1032,768,2665,2779,1954,922,922
83,1020,1323,1629,754,982,1361,1741,1667,2996,1325
84,2873,2876,2875,2867,2872,2830,2904,2822,2870,2870
85,1155,1153,1153,1077,1777,1160,1190,1113,1150,1154
86,1009,1155,554,731,770,554,733,655,589,697
87,1114,977,478,1115,807,1112,1090,1152,1110,1090
88,305,305,610,610,306,878,497,496,533,533
89,1329,1292,1402,1368,1099,1099,1062,988,1062,1097
90,1345,1386,1110,1351,1391,1383,1384,1385,1384,1348
91,118,91,55,2928,2928,125,125,162,92,92
92,954,880,916,916,881,956,918,917,839,957
93,238,242,241,239,237,240,280,277,279,201
94,1250,1253,1254,1254,836,1215,836,1102,1102,2943
95,88,53,46,58,89,89,44,85,49,59
96,185,226,226,263,148,107,302,302,107,148
97,1028,989,1028,1255,1027,1027,990,1030,953,953
98,2279,2318,2315,2278,2277,2280,2280,2354,2317,1975
99,722,760,684,1706,720,719,1024,2048,2011,1710
100,712,749,747,749,2004,675,2560,2560,2941,2523
101,1671,1671,1743,2124,1634,1634,1629,1632,1631,2163
102,2939,2597,2638,2594,2636,2636,2639,2601,2601,2678
103,998,961,957,957,2293,2372,2029,2029,995,996
104,1634,2956,2956,2956,1671,2996,1670,1631,1632,1709
105,2648,2649,2609,2607,2647,2605,2567,2567,2567,2566
106,1291,1252,1213,1330,1292,1292,1214,1216,1327,1328
107,1330,1329,1292,1253,1368,1099,1099,1062,988,1102
108,414,494,529,418,417,417,528,416,416,1783
109,150,114,73,114,71,149,149,37,2933,111
110,1181,1183,1192,1226,1224,1148,1226,1149,1185,1184
111,164,94,163,163,59,59,132,132,165,46
112,3016,3030,608,644,263,263,2088,379,379,570
113,1181,1142,1147,1147,2949,1378,1148,1218,1218,310
114,1634,1671,2956,2013,1668,1291,1668,1291,988,2996
115,1150,1115,1153,1155,1075,2936,1077,1154,1154,1190
116,875,1940,1978,2960,1903,951,953,1939,1181,1181
117,1252,873,1634,873,873,1328,1632,1289,3030,3030
118,172,210,213,365,173,212,207,133,134,237
119,1663,1016,1016,979,2998,1625,2382,1093,2420,2345
120,1183,2171,2951,2171,2171,1145,1185,1411,1411,1413
121,1049,1011,1168,1130,1043,1013,1013,1042,1167,1315
122,2594,2594,2556,2553,2593,2553,2553,2555,2555,2516
123,1163,1156,1162,1157,1158,1164,1121,1123,1116,1123
124,2320,2359,2281,2360,2959,2243,2244,2282,2319,2283
125,1115,1115,1155,1127,1124,1199,1047,1047,1201,1203
126,1405,1367,1367,798,1744,1746,494,1708,1402,1402
127,1091,1128,2119,2081,2081,2081,1127,2382,2460,2382
128,1181,1180,1370,1370,1408,1218,1218,1369,1141,1179
129,1738,1587,1662,1160,1128,2967,1130,1130,1166,1125
130,166,130,3012,3012,165,164,168,442,204,125
131,2989,3030,377,1630,1593,1630,608,608,874,874
132,684,645,682,683,643,719,607,2938,2938,988
133,1110,1071,1319,1103,1146,1145,1358,1357,1075,1357
134,1114,1114,1073,1115,1152,1112,1071,1075,1077,1075
135,958,1040,1040,960,960,962,1038,998,1001,969
136,111,38,144,144,71,32,32,107,75,74
137,1353,1353,1049,1319,1011,821,784,821,821,973
138,2658,2660,2659,2659,912,2617,2619,2619,2315,874
139,263,340,378,342,304,304,301,2935,2935,380
140,1251,1252,3038,1253,1250,1254,1250,1214,1328,1328
141,1402,1558,1558,341,380,1857,1859,1857,1938,1783
142,2550,2511,2547,2512,2471,2471,2510,2555,2588,2513
143,2315,873,2278,873,2316,2317,2354,2659,2660,2658
144,1995,1996,2073,2072,2072,1130,2947,2947,1131,1954
145,682,684,643,607,683,2938,645,645,988,950
146,1125,1204,1238,1203,1201,1203,1200,1240,1240,1166
147,808,805,478,500,769,769,769,741,550,474
148,975,901,973,937,900,900,938,516,974,902
149,1823,798,798,1862,1140,1558,1824,1899,1520,1938
150,569,3016,607,529,529,646,684,491,570,491
151,1128,1129,2977,1091,1163,1163,1130,1435,1127,1162
152,2597,2939,2678,2594,2594,2641,2641,2681,2681,2759
153,749,2941,711,1052,1052,1052,675,745,1131,1131
154,1292,1291,988,1330,1329,1367,1252,1025,1062,1102
155,114,37,71,73,73,76,2933,2933,38,150
156,760,757,720,758,721,1099,1099,988,1062,1062
157,645,645,683,682,719,720,988,684,681,643
158,807,2636,769,673,2597,770,770,771,709,773
159,1203,1203,1240,1166,1205,1238,1238,1202,1242,1236
160,988,1785,1786,1330,1329,1405,1406,1785,1367,1783
161,988,1292,1291,1291,1025,1330,1329,950,1367,949
162,798,3030,3030,2970,1558,341,1823,380,1252,2943
163,1251,1252,1290,1214,3038,3038,1250,1254,1215,1213
164,709,711,2941,739,676,673,747,748,746,2565
165,1593,1630,2989,1592,1596,2944,2944,1668,985,985
166,1321,201,366,133,478,206,1015,200,238,236
167,1706,1746,1746,1710,1710,1708,1668,1671,1671,1745
168,1252,1251,1214,1253,1291,1213,1215,1292,874,874
169,1558,1634,3030,1672,1672,1668,2956,1668,2996,1633
170,161,121,160,163,3012,165,123,130,168,130
171,1402,487,487,1329,1438,1438,1292,1292,1666,1704
172,1067,1029,989,1029,1106,991,2359,993,802,802
173,538,576,610,610,537,611,421,421,458,457
174,3030,1252,873,1634,874,2989,1632,1937,1935,1557
175,2875,2751,2791,2835,2835,2873,2873,2793,2790,2874
176,570,529,608,644,606,417,418,417,566,494
177,1232,1195,927,1205,1205,1233,966,1153,558,558
178,2767,2768,2731,2730,2728,2772,2765,2765,2594,2557
179,365,364,326,366,328,362,327,440,363,363
180,2485,2520,2523,2523,2524,2478,2522,2602,2598,2598
181,2606,2567,2485,2448,2648,2649,2650,2688,2523,2607
182,2733,2689,2689,2644,2691,2729,2695,2598,2604,2642
183,988,1102,1139,1101,1140,1026,1330,1330,1329,950
184,108,111,147,150,150,75,109,109,76,110
185,38,37,109,109,107,107,74,34,34,114
186,2015,1977,1939,1978,2054,1673,1673,1673,1446,2092
187,1683,1738,1776,1663,1130,1700,444,444,620,620
188,3030,608,608,2970,1252,567,605,605,1594,1253
189,985,988,722,986,722,682,1024,683,643,645
190,1315,1128,1052,1013,1013,1053,1049,1049,1011,1625
191,1090,1055,1053,1130,2977,1128,1358,1125,1054,1054
192,204,3012,204,548,238,238,475,205,508,510
193,1027,1028,1293,991,1067,1030,990,1294,1066,1068
194,1130,675,1131,1395,1093,1321,1282,1091,1055,1128
195,1480,1291,1292,1292,1634,1634,1444,1709,1613,1064
196,532,532,379,379,455,416,415,570,570,530
197,1062,988,1062,1102,1102,1292,1292,1024,1064,1064
198,1055,1055,1282,1128,1128,1056,1086,1700,1084,1085
199,1270,1146,2936,2936,1150,1108,2949,1106,1131,1145
200,1148,1148,1229,1227,1266,1154,1154,1113,1152,1071
201,1125,1394,1394,1394,1159,1120,1388,1390,1390,1424
202,556,522,554,482,482,482,481,3017,589,590
203,2626,2630,2589,2585,2668,2588,2587,2591,2628,2632
204,2485,2561,2598,2601,2601,2601,2601,2560,2684,2566
205,1319,1358,1394,3004,1323,1020,1361,1395,1625,1243
206,2281,2360,2320,2359,2319,2283,2244,2322,1028,2408
207,2885,2921,2813,2813,2921,2968,2968,2884,2903,2898
208,1292,3038,1253,988,1291,1330,1330,1367,1252,1368
209,1125,1394,1394,1049,1390,1392,1126,1051,1155,1115
210,688,647,651,649,649,648,650,650,614,612
211,2678,2679,2758,2757,2753,2755,1017,1965,2681,1093
212,414,418,377,417,341,341,415,415,415,2935
213,1167,1230,2947,1232,1193,1191,1193,1229,927,1205
214,2920,2855,2826,2865,2908,2911,2892,2892,2892,2834
215,2677,2678,2759,2759,2599,2673,2794,2675,2673,2751
216,303,2935,2935,263,304,417,377,377,340,225
217,541,234,234,204,3031,479,438,580,439,476
218,263,304,265,340,303,225,378,342,339,227
219,1277,1278,1316,1316,1310,1310,2967,1273,1276,1358
220,2645,2645,2687,2682,2684,2644,2722,2643,2644,2724
221,654,619,656,481,481,552,618,620,3033,3033
222,1252,1214,1253,1251,1215,1213,2943,3014,1216,3038
223,1053,1319,1321,1321,1245,1394,1280,1282,1017,1052
224,172,207,178,244,134,250,246,245,246,320
225,1099,1062,1098,1098,1061,1061,1063,1061,1363,1059
226,680,602,646,678,603,608,644,608,608,605
227,1123,1009,1160,1155,1847,1691,2114,1159,1691,1159
228,2660,2660,1937,1972,1935,1935,2619,2619,1936,1973
229,2182,2147,2102,2102,2061,1840,2183,2180,2181,2180
230,2749,2791,2939,2790,2793,2638,2704,2847,2704,2678
231,896,927,929,930,927,969,970,970,966,1004
232,341,988,1102,380,2619,2619,986,874,2735,874
233,1056,1096,1154,1436,1055,1091,2421,2460,2421,1093
234,1062,794,756,794,1063,794,1367,1024,1024,760
235,1230,1232,889,1191,889,1191,1229,1270,1270,1190
236,38,34,34,17,37,14,54,32,109,16
237,2974,60,2981,2981,2981,9,9,7,21,2976
238,1916,1918,1919,1873,2936,2936,1955,2946,1955,1109
239,2412,979,2488,2562,2483,2483,1016,2291,1965,2004
240,839,803,801,840,763,876,800,800,809,805
241,1751,1255,1753,1791,1752,1789,1752,1939,1713,1825
242,989,990,1331,991,1179,1031,1031,1369,1902,1332
243,1558,1444,1482,1748,1786,1406,1748,1785,1823,1520
244,263,342,265,300,265,304,340,225,378,189
245,2169,2169,2169,2395,1867,1183,1144,2208,1866,1107
246,427,427,1069,425,430,466,504,504,462,1033
247,407,549,408,483,446,547,582,582,582,544
248,1329,1330,1367,1292,1140,1291,988,950,1102,1406
249,754,713,713,790,2196,2158,2196,752,2423,2083
250,2625,2626,2626,2585,2548,2586,2623,2942,2635,2624
251,2996,1634,1631,3038,2956,2956,2956,2013,2466,2467
252,494,489,489,528,455,3014,1367,1214,1364,1214
253,1218,1460,1219,1193,2216,1193,1103,1181,1181,1187
254,2015,1256,1294,1294,1255,1141,1179,1217,1218,1484
255,1739,2004,1663,1321,1662,1625,1474,1777,1131,1435
256,1215,1213,1252,1214,873,873,1328,1289,1289,1253
257,1292,1291,988,1329,1330,1328,1062,1025,1367,1367
258,1010,1278,973,1277,1277,1009,1006,1237,1009,1006
259,2081,1738,826,2119,1741,1815,1854,1130,1739,2947
260,1253,1291,1252,603,640,640,682,682,1328,1251
261,2567,2606,2524,2523,2607,2608,2566,2485,2525,1071
262,1015,1051,1014,1391,1110,1112,1112,1009,2222,1048
263,1291,988,950,1292,607,986,2048,2048,2048,1709
264,1962,1613,1912,882,1695,1732,1732,2948,1742,1427
265,2260,1777,804,2258,1346,2179,774,774,1345,2446
266,1998,1110,1998,1998,2949,1961,1997,2948,2000,2948
267,951,1229,1777,1230,1188,1190,1266,1815,2244,1815
268,36,36,2933,2937,30,68,1100,1368,1291,24
269,2114,2114,2188,731,2115,768,2189,2154,1201,1204
270,658,624,657,621,623,656,654,2961,555,555
271,607,682,565,3016,3016,646,3016,603,644,603
272,147,109,75,71,114,114,76,111,152,152
273,2646,2644,2684,2647,2648,2687,2687,2682,2685,2685
274,1028,951,953,1030,991,647,1939,1031,2243,2207
275,2730,2730,2767,2768,2729,2769,2804,2689,2690,2806
276,2048,2013,2013,2052,2052,1709,2047,2047,2047,2051
277,1965,2998,2998,2004,1922,1885,1962,1886,1963,2149
278,682,682,524,657,559,657,656,654,485,2508
279,1939,1939,2131,2205,2205,2169,2169,1979,1980,2129
280,2131,1978,2130,1939,954,954,1903,1940,2960,2170
281,222,2882,2802,2791,65,2847,2847,2751,184,184
282,636,712,676,709,709,595,595,675,673,523
283,883,747,747,883,922,922,711,749,847,786
284,768,731,1010,1308,1308,2958,2958,1040,1040,1125
285,1097,1099,1291,1064,683,1064,1212,1212,1212,1214
286,2989,3030,1593,1630,2048,873,2048,873,1632,1632
287,364,364,288,287,237,363,324,286,238,172
288,3029,1125,1091,1128,1053,1053,788,788,1168,1395
289,988,987,949,984,984,645,985,683,2508,2389
290,1245,1282,1243,2994,2962,1586,1586,1246,1169,1281
291,1077,1081,2936,2936,1115,1083,1116,1112,1043,2949
292,1062,1025,1063,1329,1214,1292,1139,1139,1215,1064
293,270,457,305,499,346,271,271,495,574,612
294,951,875,1181,1939,1408,1445,1903,1369,1446,1712
295,1733,1734,1772,1155,1695,1683,2952,2980,2980,1771
296,1129,1160,1128,1159,1159,1386,1110,1084,1085,1123
297,1035,1037,2406,1001,1001,1001,2409,1033,1038,2450
298,1028,951,991,1027,913,953,992,989,1031,915
299,847,1133,731,1819,2030,1074,2124,2124,884,884
300,1077,1112,1112,1043,2949,1343,1698,1045,1118,1081
301,1181,1217,1217,1395,1065,1065,1103,1180,1104,1104
302,1668,2956,1668,2956,1634,1634,1444,1709,1708,2013
303,1353,1358,1391,1391,3004,1352,1319,1390,1392,1625
304,683,1291,2507,2389,2544,2431,2544,1253,1253,2694
305,2936,1075,997,1150,995,1033,1033,959,1268,1153
306,2299,2219,2219,883,884,2257,2256,2256,922,922
307,1174,1140,1139,3014,1139,1216,1175,1175,832,1137
308,3016,570,608,608,416,608,416,379,379,492
309,2619,2660,2660,2620,873,2694,2616,2697,912,988
310,1199,1125,1205,1201,1163,1200,1504,2967,2967,1198
311,1128,1129,2941,1127,781,1125,824,1088,1167,1167
312,378,380,341,418,377,418,494,494,342,379
313,1252,1214,1253,1291,1251,1292,1368,1368,1212,3038
314,1230,1228,1266,1229,1226,1193,1231,1268,1232,1225
315,1939,1978,2207,2244,2167,2205,2206,2015,2282,2282
316,341,380,379,377,417,340,414,454,378,342
317,1047,1091,1114,1114,1083,1071,1071,1043,1043,1053
318,1134,1133,1063,1442,1102,1063,1098,1136,1096,1480
319,682,683,643,680,684,645,684,607,949,719
320,1205,1242,704,1203,1202,1204,1203,1202,1125,1199
321,690,764,3023,765,724,765,649,727,689,2955
322,1273,1245,1083,1309,1309,1082,1082,1274,1122,1122
323,1965,1923,1922,1921,2998,1963,2149,2000,2149,1886
324,1064,1291,988,1063,1097,1063,1292,722,1253,1024
325,1193,1232,1230,1228,1266,1222,1460,1229,1229,1268
326,193,191,155,232,232,156,117,192,117,269
327,2631,2593,2592,2630,2669,2591,2632,2632,2551,2551
328,683,684,646,607,682,642,2692,2693,3038,645
329,1230,1226,1229,1190,1150,1228,1194,1194,1155,1155
330,2209,2400,2398,2398,2246,2990,2435,2447,2438,2441
331,2947,1150,2980,1685,1685,1686,1724,2952,1683,1683
332,1027,1065,1028,1141,1217,1141,2015,1103,1103,1181
333,1077,1345,1613,1653,1110,1613,1651,1110,1690,1151
334,417,417,263,378,454,454,414,415,414,340
335,1215,1213,1252,1252,1292,1214,874,874,1214,1253
336,32,34,30,30,2937,69,72,107,107,24
337,1120,1082,1343,1122,1350,1083,1159,1123,1386,1388
338,713,714,790,2423,3029,791,754,828,828,751
339,2076,1995,2338,2338,1994,2036,2301,2075,2037,2074
340,273,1007,239,311,312,929,929,1086,1086,1086
341,988,1253,1291,1291,1292,608,986,644,644,1709
342,2256,2214,2179,2260,2173,2215,2252,1951,2215,1988
343,642,603,684,646,607,682,641,683,643,643
344,1140,1178,1861,1520,1558,1899,1938,1823,988,1406
345,1028,951,991,1027,2015,2281,2320,2244,1977,1255
346,2081,1668,1672,1668,1786,1785,1786,1670,1634,1645
347,2221,2260,1690,1644,2222,2218,2298,2222,1571,1608
348,1367,1405,1402,1708,1746,1744,1783,1783,1329,1748
349,630,123,84,517,596,595,122,120,122,667
350,1325,1288,988,2943,873,1364,1364,341,1253,1253
351,1049,1047,1055,1009,1083,1013,1013,1278,1048,1054
352,1062,1405,1102,1405,1367,1783,1440,1440,2090,1744
353,374,410,410,413,338,338,335,372,373,336
354,1150,1153,1193,2936,2936,1190,1155,1230,1188,1188
355,206,353,291,174,201,312,362,134,350,276
356,1130,1396,1397,1397,1434,1131,1395,1395,1191,1357
357,900,896,930,930,824,969,786,788,1012,972
358,1354,1317,1315,1315,1391,1353,1389,1312,1055,1349
359,675,709,676,676,1321,1055,711,637,1130,1130
360,1099,1098,1098,1061,1102,1329,1063,1061,1062,1363
361,1252,1292,1253,1250,1251,988,1291,1330,1329,2943
362,517,443,446,446,621,621,621,516,3033,558
363,1245,1055,2941,1700,1011,1093,747,747,748,749
364,1078,1114,2936,2936,1077,1155,1153,1119,1115,1150
365,517,518,617,615,3033,654,656,481,2965,2965
366,2693,2733,2695,2689,684,2696,684,2730,683,683
367,417,454,493,493,342,494,342,418,418,150
368,263,340,303,2935,342,265,265,380,379,378
369,2210,2173,2727,2172,2502,2212,2212,2689,2730,2730
370,3008,1289,1026,1216,1216,1327,1403,1404,1400,1366
371,1916,1873,2003,2946,2099,1918,1964,1988,1965,1965
372,1685,1607,1190,1115,1190,1196,1119,1194,1772,1194
373,1140,2544,2584,2584,1026,1178,1102,2545,1101,2618
374,1139,1178,1140,1173,1212,1212,1250,1215,1252,1213
375,340,414,494,417,377,417,341,416,455,455
376,1065,1028,1141,1027,1103,1142,1181,1029,1066,1104
377,1424,1160,1387,1159,1423,1423,1123,1388,1123,1153
378,804,634,599,670,670,672,672,672,769,669
379,2064,2030,2102,1945,1228,2104,1195,2175,2175,1226
380,640,605,608,603,644,603,3016,646,565,567
381,417,414,454,494,418,418,452,415,416,416
382,206,437,134,201,312,201,168,3012,426,169
383,1120,1084,1085,1049,1114,1079,1079,1125,1009,1115
384,788,784,824,786,786,3029,2640,2642,783,826
385,784,970,1083,1009,1006,745,1049,1049,1048,1007
386,114,38,37,75,71,74,73,76,112,112
387,1042,1043,1081,2949,1078,1115,1077,1040,1077,1075
388,1250,1252,1252,1292,1139,1139,1214,1214,1175,1175
389,766,769,729,768,675,767,736,770,774,774
390,709,709,784,749,780,783,780,785,785,785
391,684,682,683,683,988,646,645,646,607,1292
392,1146,1150,1109,2936,1075,1118,1148,1147,1153,1153
393,187,187,226,263,151,185,185,265,227,300
394,1153,1183,1145,1151,1155,1410,1190,1410,1115,1410
395,2124,2088,2013,1668,2013,2956,2956,2049,2011,2052
396,749,3029,786,788,2941,784,819,784,787,858
397,1230,1190,1167,1229,1168,1189,1149,1189,1206,1206
398,684,684,646,644,608,608,644,642,642,642
399,3030,1557,1937,1557,1976,1937,1823,2970,1213,1213
400,1253,1250,683,645,607,1292,798,682,1212,1212
401,2937,38,14,28,14,23,52,24,24,36
402,1102,1102,1101,1101,1062,1062,1062,1025,1097,1098
403,709,711,478,478,667,749,636,777,777,707
404,1062,1062,1329,1329,1329,1367,1098,1367,1101,1064
405,1169,1321,1245,2532,1283,1243,1244,1168,2573,2534
406,1861,1140,1558,1899,1938,1823,1178,1139,1900,1900
407,769,766,804,807,809,774,741,805,772,844
408,2790,2831,2831,2830,2910,2910,2791,2815,2828,2828
409,1691,1683,1683,1810,1806,1199,2952,1158,1158,1159
410,913,763,762,647,647,725,687,3026,723,914
411,760,988,1062,1063,1102,719,722,1367,1024,1024
412,61,138,91,130,130,130,54,214,99,136
413,523,560,485,561,559,520,520,562,478,478
414,1167,1201,2114,2115,1695,1806,1806,1809,1199,1199
415,2227,2180,2181,2181,2146,2146,2105,2189,2182,2229
416,491,529,492,568,489,489,531,493,531,493
417,1040,962,925,930,929,969,1001,970,1002,1032
418,1634,2996,2956,1672,1672,2956,1672,1291,1672,1632
419,2885,2968,2847,2882,2882,2841,2924,2926,2883,2887
420,157,196,196,156,156,154,154,615,155,153
421,836,1516,798,1479,1212,835,1212,1897,1556,529
422,1037,1032,1032,768,2147,1840,1840,1887,995,997
423,14,38,38,3019,16,20,34,20,52,36
424,2625,1121,1114,3018,1112,3018,1115,1113,2701,1113
425,1063,1178,1098,1178,1140,1101,1064,1099,1025,1025
426,522,592,592,589,517,588,554,596,587,556
427,263,342,304,340,340,414,414,2935,380,379
428,3038,760,1558,1405,2943,1367,1364,1364,798,1744
429,153,158,158,191,192,270,193,156,115,194
430,801,805,805,812,840,808,807,777,803,803
431,2243,1065,1028,2320,2282,2281,1027,1293,2205,1104
432,1205,2967,1809,1235,1203,1237,1204,1241,1236,1618
433,1671,1672,1668,2956,1672,1670,2052,2048,2011,2048
434,518,481,520,517,443,556,556,2961,480,2961
435,2619,873,2620,2660,2659,912,836,872,2694,2616
436,828,1168,789,1167,827,1055,1206,829,790,1056
437,1786,1406,1785,1785,1748,1783,1747,1746,1744,1709
438,1431,1470,1811,1470,1888,1735,1735,1433,1473,1472
439,1240,1203,1203,1128,1242,1125,3017,1205,1129,443
440,286,286,1009,285,325,323,323,248,248,1008
441,1242,1166,1204,1204,1205,1196,1159,1471,1236,1165
442,1115,1115,1153,1155,1072,1072,1229,2936,1075,2936
443,986,873,912,910,872,988,950,987,948,947
444,265,263,304,304,264,304,266,303,225,378
445,951,2282,2207,2244,2205,1939,1028,1028,2243,1711
446,1083,1083,1049,1011,1081,1045,2998,2998,1081,1658
447,1255,1255,1028,1028,1294,1332,1332,1332,1332,1332
448,1291,1292,1214,1252,988,950,1330,1330,949,949
449,2382,1738,1245,1700,1131,2421,2421,1091,1055,2420
450,2407,2493,2447,2447,2492,2492,2492,2448,2371,2612
451,341,491,418,417,377,492,380,454,416,415
452,1253,1291,1292,1252,1214,1368,1328,1251,1251,1250
453,1012,1043,1118,1384,1315,1042,1311,1115,1275,1121
454,1282,992,2532,992,1030,1030,991,991,1031,1245
455,1065,1104,1105,1142,1106,1027,1031,1293,1144,1298
456,1213,1063,1329,1329,1292,1098,1139,3014,1250,1216
457,1328,1061,1251,1251,1250,1251,1292,1292,1025,1025
458,2369,2369,2408,2370,804,2329,2371,2329,2410,2328
459,365,365,326,327,362,330,366,331,363,325
460,529,529,798,569,569,606,569,570,528,1823
461,517,590,555,482,482,518,554,556,407,592
462,2015,2130,1977,2092,2168,2168,1446,2131,2131,2055
463,1091,1663,3008,1130,1054,790,1358,1055,1055,1055
464,709,2941,784,784,711,783,783,783,749,824
465,709,2941,747,749,749,782,675,1013,1013,1049
466,61,19,19,52,91,57,53,91,49,46
467,1091,1661,839,1662,1738,844,1128,1128,1052,1052
468,2633,2630,2629,2632,2631,2672,2592,2593,2589,2588
469,223,178,228,177,177,107,107,184,217,217
470,689,686,955,690,685,993,994,382,693,647
471,2943,1288,1253,1252,2694,2617,2619,2617,644,605
472,2015,1255,1294,1028,1028,2016,951,2092,1522,951
473,306,533,496,533,231,231,305,457,610,572
474,1217,1218,1028,1294,1256,1561,2015,1331,1825,1826
475,1153,1194,1155,1151,1683,2952,1154,1157,1190,1154
476,1001,1040,1002,2104,768,2182,2219,162,162,2030
477,1196,1153,1385,1160,1160,1115,1115,1115,1123,1130
478,1364,1363,1365,1365,1362,3038,1059,1250,1254,1288
479,804,807,843,1043,1071,1078,1078,775,1343,844
480,960,956,998,923,962,958,999,997,922,925
481,789,3029,1049,1663,889,1740,1011,675,675,892
482,1887,1308,1237,1845,1838,1845,1195,1533,1533,967
483,2605,2648,2565,2607,2609,2687,2684,2684,2566,2644
484,843,682,636,696,636,880,880,602,739,683
485,788,1125,820,1163,3029,826,1160,1093,819,1162
486,1668,1634,1634,2989,1632,1632,1632,2354,1251,1596
487,645,417,683,454,454,682,570,646,684,456
488,1391,1391,1353,1009,1090,1090,1054,1082,1093,1392
489,1671,1668,1670,1746,1744,1708,2956,1672,1672,1669
490,896,784,783,820,820,893,1010,898,925,925
491,910,872,873,874,871,871,1253,1250,1251,1251
492,1226,1115,1228,1228,1228,1121,1189,1224,1224,1224
493,1555,3030,3030,1556,2970,1520,1824,1520,1823,1591
494,572,609,611,537,614,614,612,535,495,499
495,1062,1024,1064,1025,1023,1063,1061,2884,2807,2918
496,340,263,303,2935,380,339,377,378,342,228
497,2481,2481,807,805,769,2443,840,774,808,774
498,1145,1146,1411,1452,1144,1144,1418,1357,1109,1373
499,1452,1720,1682,1954,1683,1683,1725,1722,1686,1685
500,562,561,602,524,526,526,559,563,595,596
501,2323,2322,2285,2362,1977,2360,2324,1753,2360,1525
502,2875,3028,2795,2834,2828,2876,2876,2829,2845,2794
503,1343,1613,1613,1615,1309,1350,1311,1120,2221,2332
504,1316,1279,1277,1314,1314,478,1013,1278,1317,1317
505,1167,1009,1129,1131,1127,1128,1199,1199,1047,1159
506,38,37,149,107,75,34,74,34,111,31
507,364,364,366,478,400,462,504,425,438,437
508,380,1292,489,491,341,491,1291,1291,492,494
509,2343,2382,2120,2420,787,751,2119,2338,748,747
510,1368,1291,1329,1367,1292,1709,1709,1364,1253,1253
511,1147,1109,1148,1146,1183,1150,880,1421,1188,880
512,481,514,514,969,1001,768,768,464,836,870
513,994,993,996,956,1222,995,992,2370,997,1030
514,1153,1153,2173,2173,845,845,2214,2214,2214,2179
515,1128,930,930,478,862,862,788,2967,897,896
516,807,806,809,846,844,771,773,773,774,883
517,571,723,498,725,457,497,459,990,499,611
518,1163,1162,1125,1427,1120,1083,1120,1013,1161,1082
519,2512,2434,2395,2360,2472,2472,2397,2397,2244,2207
520,120,157,123,162,122,164,168,163,163,118
521,1011,752,1049,2941,891,784,891,1083,824,859
522,682,642,643,684,3016,643,603,603,603,603
523,340,342,342,378,380,414,416,414,341,75
524,612,572,577,614,650,578,578,539,616,495
525,1130,1245,1054,1131,1093,1055,1092,1282,1017,1073
526,850,850,842,771,739,709,709,808,621,708
527,168,3012,163,161,162,165,164,130,131,131
528,2625,1370,1408,1446,1218,647,2599,1179,609,1331
529,2996,1630,1630,1634,1631,1632,1672,2956,1672,1672
530,1129,1128,2977,1130,785,786,786,1093,1091,816
531,1229,1150,1150,1155,1188,1188,2992,1683,1149,1683
532,303,303,226,189,226,263,265,301,185,265
533,1738,1776,1663,1130,1700,1661,1054,1435,1055,1091
534,517,162,407,407,446,514,446,481,590,590
535,1315,1073,1071,1076,1076,1350,1350,2936,2936,1075
536,1266,1228,2992,2992,1268,1226,1226,1227,1227,1264
537,478,438,476,476,403,403,401,401,439,507
538,1078,1078,1380,1075,1077,1384,1109,1109,1384,1343
539,1097,1361,1368,1368,1099,1099,1057,1063,1330,1330
540,384,468,468,880,235,3031,431,433,382,382
541,1128,1090,1130,2977,1125,1125,1091,203,1052,1129
542,878,913,875,953,914,914,647,2986,915,952
543,765,879,764,956,384,347,762,762,802,954
544,1245,1282,3004,1283,1323,1055,1358,1361,1280,1663
545,1597,1635,1865,1636,1674,2960,1674,1901,1180,1675
546,2130,1028,1446,1446,2015,991,1939,878,876,878
547,2817,2815,2737,2781,2781,2820,2820,2814,2814,2820
548,1179,1181,1408,1141,1065,1106,1065,1114,1180,1112
549,75,147,111,76,110,109,71,71,150,150
550,2105,2227,2064,2227,2030,2030,2106,2061,1815,2144
551,237,238,312,239,239,172,199,275,240,276
552,2989,1596,1596,1632,1594,1593,1593,377,377,377
553,2704,2711,2663,2663,2667,2699,2699,2836,2673,2836
554,404,404,364,364,401,401,709,602,711,287
555,1230,1229,1226,1188,1228,1228,1190,1190,1266,1155
556,684,682,646,646,2996,607,603,988,642,1634
557,752,751,790,791,754,677,715,753,789,3029
558,2008,1971,2009,870,1895,2277,2048,1177,2048,1896
559,1115,1152,1114,1690,1690,1384,1383,1384,1345,1427
560,1739,1093,1776,1776,788,1738,1738,1737,1740,1701
561,1208,1242,1203,1204,2994,2994,2932,2967,1240,1240
562,3021,1495,3021,1764,1723,1492,1723,1455,1497,1761
563,1055,1360,1360,1091,1323,1324,1324,1020,982,1359
564,263,227,300,227,303,225,189,187,187,342
565,2911,2813,2920,2863,2826,2922,2822,2922,2822,2822
566,2936,1109,1109,1110,1071,1265,1644,1078,1148,1873
567,673,979,977,865,1017,901,1014,635,938,1016
568,2641,2601,2598,2604,2678,2602,2602,2681,2644,2681
569,2937,2937,22,20,17,66,13,15,74,74
570,3016,646,607,644,608,605,642,189,567,151
571,1098,1098,1406,1329,1063,1406,1406,1099,1368,1100
572,2926,2779,2881,2924,2888,2815,2953,2921,2968,2884
573,1181,1408,1179,1179,1180,1255,1255,1446,1218,1218
574,760,2165,2127,2127,1405,1783,2086,2545,2125,2087
575,38,34,28,32,74,35,26,74,22,68
576,523,2962,1283,599,599,580,407,1321,1243,636
577,514,478,550,443,446,477,516,442,513,442
578,1034,1036,1036,1032,1032,1033,959,1228,963,1304
579,2607,2376,2605,2605,2608,2567,2606,2566,2648,2609
580,798,1139,719,569,760,683,529,1140,1140,1173
581,892,891,858,855,857,857,894,1124,1124,1160
582,1140,1178,1099,797,1329,1102,1097,1063,1102,1367
583,801,763,800,803,687,764,840,802,726,838
584,1150,1153,1153,2257,2258,2258,1384,2256,2936,2256
585,1317,1279,1317,1354,1278,1009,1312,1312,1390,971
586,1053,1015,1128,1052,1130,675,1131,1391,1394,1395
587,2673,2673,2678,2637,2716,2717,2679,2679,2679,2674
588,363,286,286,324,286,509,541,369,362,365
589,579,474,474,438,437,541,580,475,439,439
590,91,61,138,99,57,59,49,59,46,88
591,2559,2642,2601,2939,2939,2682,2643,2643,2643,2639
592,1017,2941,1093,1052,3004,1053,1054,1016,673,979
593,2711,2792,2752,2791,2791,2910,3018,3018,2623,2815
594,798,1175,1212,1250,1558,1558,1558,759,836,759
595,949,1043,2427,1025,1118,2256,1023,1023,987,911
596,876,837,954,916,916,839,878,875,687,878
597,2485,2598,2523,2524,2648,2561,2606,2567,2478,2478
598,790,791,751,754,789,715,715,756,756,828
599,1229,1266,1167,1270,1115,1115,1212,1228,1194,1228
600,1141,1408,1446,1370,1409,1407,1103,1103,1143,1369
601,2532,2532,2533,790,2534,2538,2538,2574,2574,751
602,1776,1776,1338,1701,2040,2998,2003,2998,1878,2118
603,2197,1209,2193,2193,1513,1855,1855,864,898,896
604,1278,1053,1015,1054,1277,1245,1055,1663,747,1052
605,684,682,683,988,643,2996,950,607,949,607
606,1150,1146,1146,1190,1115,1144,2936,2936,1149,3007
607,1202,1203,1201,1201,1202,1125,1055,1196,1240,1163
608,1034,1040,2369,2406,2406,2406,1032,1038,1032,2228
609,1228,1222,1191,1195,1226,1195,1108,1223,1460,1459
610,38,76,36,75,75,73,73,114,2933,2933
611,2207,2244,2205,2281,2320,1939,951,2243,2167,2246
612,2791,2752,2792,2794,2793,2793,2751,2711,2748,2669
613,840,763,803,765,765,764,647,647,802,917
614,622,626,556,556,522,627,557,627,554,523
615,1177,832,870,911,911,1216,1216,874,1175,1175
616,800,774,802,2987,803,765,764,808,805,763
617,2847,2790,2884,2849,2885,2919,2830,2841,2886,2887
618,2646,2525,2525,2525,2567,2606,2647,2602,2565,2647
619,532,493,494,493,379,454,416,415,455,530
620,1003,1078,1039,1042,2949,1083,1307,1270,1009,1009
621,3004,1237,1317,1317,1235,1315,1205,1350,1348,1308
622,1187,1224,1224,1192,2178,1186,1188,1380,1184,2179
623,760,759,1062,1026,1063,1063,758,798,1746,2541
624,1315,1245,1125,1358,1358,1055,1055,1055,1128,1128
625,2606,2567,2568,2568,125,2526,668,122,122,2605
626,1405,1367,1402,1062,1102,1442,1330,1406,1102,1442
627,1130,1093,885,1054,1129,887,923,923,116,2345
628,682,949,988,988,643,981,981,947,948,948
629,1055,523,675,639,599,670,1245,637,597,597
630,1159,1201,1127,1124,1127,1431,1126,1125,1431,1427
631,1253,1252,1214,1291,646,1251,1250,1251,644,644
632,988,1062,1025,1102,1097,950,950,950,1061,1292
633,1291,1330,1292,1289,1368,1326,1325,1021,1329,1366
634,912,985,988,950,911,911,949,911,948,948
635,1668,1671,1670,1744,1746,1708,2956,1672,1672,988
636,1127,1128,1013,1049,1278,2967,1316,1316,1279,1166
637,1179,1065,1104,1141,1027,1103,1103,1181,1071,1069
638,558,786,523,595,827,862,703,670,824,824
639,478,475,578,578,616,2965,581,437,514,547
640,1,53,44,50,50,41,46,46,56,5
641,1367,1746,1746,1140,1140,494,492,1558,1520,1668
642,442,512,405,406,367,367,444,515,443,438
643,1077,1078,1043,1072,1022,1022,2936,1037,2936,2936
644,417,492,454,491,568,418,568,494,493,494
645,1024,1064,3038,1025,988,1026,988,2698,2732,1063
646,1329,1062,1330,1102,1063,1367,1292,1292,1064,1064
647,1245,3004,1283,1358,1280,1282,940,1015,1319,1243
648,1055,1092,1054,2422,2422,1321,1663,2383,2383,1019
649,2086,2203,2051,2047,2163,1868,2052,2011,2124,1783
650,1879,1920,1920,1613,1878,1918,2000,1925,1925,1916
651,1214,1253,1291,1252,1292,1212,1175,1328,1254,1251
652,1022,1023,987,1020,1024,984,985,2431,2508,2508
653,2943,1330,1292,1709,1747,1747,2048,760,760,1253
654,1071,1112,1110,1114,1078,1121,1077,1051,1050,1080
655,1253,1254,1250,1250,910,1288,1630,2943,1252,1252
656,500,462,425,461,464,426,503,458,423,2958
657,796,1177,832,832,759,1137,795,797,1819,3014
658,330,259,370,293,258,366,366,404,295,367
659,1075,2936,1146,1150,1345,1153,1106,1114,1108,1108
660,664,559,630,666,596,595,595,561,668,702
661,1253,1593,1593,1252,1593,873,873,874,950,912
662,2601,2682,2560,2598,2645,2645,2727,2724,2724,824
663,89,91,49,49,84,55,58,128,125,126
664,675,712,711,1394,1394,838,878,2967,1390,1392
665,1049,1049,1011,1050,1047,1047,1051,1126,1083,1317
666,1049,1048,1011,1013,1009,1312,1045,1050,1050,973
667,1064,3038,1291,1099,1063,1063,1102,1098,1098,722
668,155,153,193,193,192,610,572,611,533,609
669,1153,1151,1113,1115,1154,1115,1152,1155,1121,1466
670,1214,1291,1215,1252,950,1292,1139,873,874,1289
671,2941,478,843,887,887,859,783,783,1129,785
672,873,874,912,1215,1213,1252,2943,1214,2989,1328
673,1064,3038,1291,1099,1102,1097,1102,1024,1098,1098
674,1083,1083,1120,1085,1085,1085,1049,1082,1011,1045
675,760,2938,2085,1062,988,1062,757,720,718,756
676,1249,947,948,1289,1289,909,945,911,949,986
677,993,951,989,953,989,2244,1030,2207,2282,991
678,367,365,406,404,366,404,406,403,368,139
679,683,646,645,646,607,607,682,682,760,2938
680,3030,1252,2989,1972,1596,1937,1976,1251,1976,1596
681,1229,1229,1190,1190,1230,1188,2947,1682,1268,997
682,988,2691,2762,1024,2689,2730,2938,2728,683,2693
683,3014,1216,1175,1175,1100,760,760,1250,1099,1442
684,986,988,2048,379,2989,1328,1668,1671,2050,1671
685,1026,3014,1216,1175,1175,1100,1100,1099,1099,1176
686,958,925,956,957,998,923,863,863,962,920
687,2949,1075,2936,1345,1663,1663,1150,1110,1343,2947
688,1053,976,976,1277,1241,3004,939,939,1015,1278
689,2641,2681,2682,2680,2683,2683,2645,2639,2722,2964
690,847,813,887,817,817,885,891,891,854,850
691,1009,1009,1013,1245,1245,1391,1048,1049,1283,1048
692,1361,1132,1475,1475,2932,1208,1247,1322,754,751
693,417,492,454,379,491,491,380,378,568,568
694,1558,1823,1213,2201,2277,1862,1177,2240,1861,874
695,1250,1212,1212,1216,1214,3014,1139,1213,1176,836
696,1139,1177,1140,836,1178,1178,873,1174,798,1216
697,120,164,3012,3012,123,162,162,165,122,166
698,443,443,442,409,441,441,408,441,523,481
699,2366,2366,1568,2371,2405,2405,2405,1037,1794,1228
700,74,38,37,75,34,114,150,107,145,149
701,1963,2004,1697,1697,1697,1695,1695,1695,1774,1774
702,3004,1055,1055,1246,1663,1663,713,713,1052,600
703,164,3012,163,162,129,129,166,168,198,437
704,749,750,784,752,827,714,711,748,747,789
705,1726,1725,1724,1724,1686,1687,1682,2039,2219,2219
706,1214,1368,1291,1329,1405,1329,1252,1482,1292,1367
707,1252,1251,1251,2956,2956,2956,2013,2013,2470,2470
708,975,901,937,1245,939,938,940,974,936,976
709,997,1264,959,1225,2064,1268,1034,996,995,2025
710,2941,786,823,786,783,816,862,709,747,747
711,2603,2642,2600,2598,2598,2602,2606,2606,2567,2525
712,125,120,19,164,518,163,163,61,85,85
713,1130,1394,3004,1131,1738,1738,1395,1663,1663,1321
714,2171,2170,2217,2217,2133,2210,2210,2210,2254,1147
715,2124,2160,2163,679,988,2121,988,1021,756,755
716,1709,1444,1444,1746,1743,1102,1743,1784,1329,1743
717,378,263,341,341,380,415,415,415,379,342
718,60,68,100,100,24,32,35,34,35,74
719,38,107,34,11,3019,2933,2937,31,62,62
720,646,607,642,3016,684,608,644,603,605,682
721,1255,1445,1446,1217,2244,1939,1071,843,1257,1522
722,578,421,614,612,229,534,534,533,534,539
723,864,560,752,561,896,827,827,520,520,900
724,685,685,686,686,630,664,658,3023,596,596
725,38,32,32,16,74,34,34,30,68,30
726,1433,1776,1776,1700,2004,2004,1701,2947,1434,1434
727,198,199,3010,236,200,3031,310,239,234,274
728,2434,2130,2959,2567,2567,2478,801,2395,2396,2523
729,1250,1252,1175,1253,1253,1140,988,1251,836,836
730,1308,1195,970,1269,1237,1228,1114,1304,1268,1274
731,1028,2015,1977,1027,991,2016,1522,1522,1787,2053
732,2956,2013,1672,1748,1822,1786,1785,1783,2011,2048
733,80,117,118,130,79,91,122,156,129,116
734,2219,1685,1685,997,2258,2260,995,1493,1033,2104
735,798,341,379,342,340,1250,380,759,836,759
736,2315,1935,1972,1976,1976,2354,2317,2317,2318,2279
737,1001,917,1032,963,879,956,1040,919,578,920
738,1405,1367,494,1140,1140,492,339,1062,1062,1406
739,1204,1204,1240,1166,1202,1238,1201,1242,1236,1504
740,2832,2830,2793,2839,2834,2829,942,2887,2840,2840
741,2118,2079,2079,2178,2217,2217,1951,2080,1948,2080
742,829,754,830,830,753,827,827,827,864,790
743,571,497,535,457,611,534,496,533,495,459
744,2648,2609,2684,2607,2605,2605,2649,2606,2606,2567
745,19,19,62,15,46,61,38,17,100,17
746,1840,1840,1037,2188,1965,1929,2105,2409,2152,2152
747,263,340,301,265,342,380,339,341,150,378
748,744,744,1048,744,1049,1048,1009,1050,1126,1126
749,88,59,53,57,80,41,41,81,58,93
750,162,125,126,177,139,140,63,252,252,95
751,2485,2485,2606,2567,2606,2478,2447,2475,2523,2487
752,1017,1093,1053,1132,1056,1016,1016,1055,1130,1130
753,796,1250,2943,2970,2659,2659,2659,1821,2660,1975
754,1634,2996,1671,1668,1291,1668,1668,988,950,1632
755,745,1017,709,711,1050,1050,1050,748,747,746
756,1230,1193,1193,1192,1192,1150,1150,1153,1194,1194
757,1701,1701,2941,1740,1091,1091,1776,1663,1663,1737
758,647,687,800,685,685,725,1711,951,763,763
759,2973,1130,136,1169,1055,1321,176,175,133,366
760,2645,2680,2759,2682,2684,2681,2681,2685,2643,2601
761,608,644,2943,1593,874,873,567,1253,1253,1822
762,2086,1328,1251,1251,1596,1290,2469,2970,2944,2944
763,1591,1176,1213,2201,2201,2241,2242,2241,2241,1287
764,874,874,3016,684,912,684,1252,1252,301,644
765,2124,2163,2930,2203,2203,2203,2469,3006,2049,2049
766,331,252,370,371,371,330,330,440,173,333
767,1245,2193,2155,1887,1965,2533,2533,2962,2962,2572
768,981,981,1126,1323,1089,3004,1049,1024,1058,1368
769,1671,1668,1746,1744,1670,1634,1632,1631,1402,1708
770,1230,1229,1192,1150,1150,1194,1188,1187,1187,1149
771,1160,1124,882,1093,1056,1155,1113,1113,751,787
772,1283,1131,2347,1321,1358,1436,1243,716,1360,3004
773,1831,1794,1534,1914,1800,1833,1796,1797,1797,1795
774,1903,1940,2960,1939,954,1673,2131,1711,1711,1673
775,1367,1443,1176,1441,1140,1478,1328,1212,1328,1099
776,2941,1051,1125,1128,1050,1050,1126,1086,1052,1088
777,988,949,950,1025,1024,948,948,1292,986,986
778,650,588,552,577,615,517,513,553,551,652
779,2124,2088,2049,1634,2086,2163,1709,1709,2930,2126
780,122,122,162,162,164,130,130,157,163,163
781,2930,1668,2469,3006,2470,2124,949,987,987,1024
782,839,878,913,609,2206,1673,2054,2054,2054,1673
783,1028,993,1939,1979,1789,1789,1030,2019,2169,2205
784,1213,1252,1214,1251,1215,1178,1178,1139,1482,1216
785,2256,2220,2254,2255,2255,2255,1918,1954,2219,2219
786,1130,2965,1093,1091,1055,1092,617,194,157,157
787,2716,2758,2679,2679,2753,2752,2753,2755,2760,2710
788,1283,2994,1282,1282,1104,951,951,951,2244,953
789,377,418,303,416,415,2935,415,454,379,342
790,1037,2366,2369,2369,2366,1038,1038,1033,2408,999
791,1152,1111,1111,3007,1109,1126,1115,1113,1113,1110
792,1100,1026,1099,1405,1330,1406,1097,1405,1102,1405
793,75,113,150,149,71,73,114,73,76,112
794,1055,1049,1011,1093,1323,1663,1020,982,1361,1083
795,1140,1178,1861,1899,1858,1823,988,1062,1786,1748
796,2769,2810,2810,2806,2765,2730,2728,2772,2772,2731
797,2016,1294,1939,1256,2015,1217,1978,1218,1483,1483
798,1015,2570,2571,2474,2531,1014,2438,2306,2491,2306
799,1353,1391,1351,1391,1050,1348,1352,1392,1390,1343
800,879,839,917,917,841,840,881,876,876,765
801,2013,2013,2010,2052,2052,2011,2009,2047,2088,1668
802,1251,1252,1253,1253,910,1290,1254,1596,1250,1214
803,1939,1978,1980,2207,1979,1712,1673,2016,2016,1673
804,1578,1580,1580,1537,1541,1541,2962,1489,1489,1579
805,1152,1124,1115,1113,1158,1155,1114,1121,1151,1121
806,1367,1062,1097,1405,1405,1063,1098,1059,1101,1101
807,2491,2449,2490,2490,2569,2375,2528,2455,2455,2445
808,682,643,646,643,608,644,607,605,683,683
809,1315,1348,1348,1051,1353,1391,1659,1279,1354,1354
810,2083,2083,755,751,1096,1779,790,790,2121,2081
811,1125,1129,2941,1128,896,1126,824,970,970,1205
812,2938,719,2728,2728,645,757,645,720,720,1026
813,1252,1634,1634,950,1632,1520,1520,2013,1672,1291
814,1610,1648,1649,1608,1567,1571,1647,1611,1647,1611
815,949,1634,2048,1289,1440,2047,1022,1672,2013,1022
816,63,2973,331,130,136,214,438,137,439,175
817,879,880,2447,2118,841,916,1188,1194,1188,2041
818,2233,713,829,829,2193,2234,2155,2156,828,828
819,1265,1265,1228,1071,1110,1110,1268,1304,1268,1191
820,3018,2625,2702,2664,2703,2917,2919,2815,2665,2666
821,1192,2219,1230,999,1268,1191,1148,1189,1148,1149
822,747,749,747,2941,711,783,2187,786,785,785
823,1049,1081,1083,1083,1009,1084,1085,733,733,1048
824,1167,1167,1199,1169,1169,864,925,1206,1091,958
825,1697,1049,1696,1696,1963,1962,781,1962,1658,1658
826,684,607,682,683,643,643,3016,603,642,641
827,2163,2124,2124,988,3001,1402,1402,2048,2048,2943
828,462,382,464,345,345,457,457,497,463,425
829,873,873,950,684,912,912,912,1253,607,949
830,1110,1148,1148,1149,1149,1192,1109,2936,1192,1125
831,1032,865,2941,902,902,1017,1075,1075,1075,1040
832,948,948,1630,986,987,987,2048,1627,2048,873
833,633,672,824,786,786,595,706,706,709,709
834,1027,1255,951,1219,1217,2662,1256,1181,990,990
835,1946,2947,2120,1777,1777,1947,1869,1947,1951,2252
836,1018,782,1056,3025,751,1055,1049,2941,3029,3029
837,2156,2156,1643,1608,1608,1567,2121,1413,1644,1816
838,646,569,569,644,608,605,567,3016,570,603
839,1218,1978,1180,1181,1370,1939,1446,1446,1445,1445
840,1141,1673,1673,1218,1181,1180,1256,2015,1940,1674
841,673,709,637,2693,2603,2681,675,675,1621,1621
842,560,559,662,520,738,2961,2961,561,692,664
843,750,752,751,715,824,713,786,790,596,596
844,1895,1553,1592,1821,2314,2314,1819,1857,1859,1859
845,2790,2830,2791,2875,2875,3028,2884,2831,2831,2878
846,826,790,792,828,753,825,864,787,824,791
847,1668,1671,1670,1708,1291,1706,2956,1706,1669,988
848,599,1245,597,636,3004,675,712,634,634,633
849,1979,1979,2018,2056,1790,1939,1868,2017,2208,1831
850,847,887,1115,887,843,886,922,889,885,891
851,1330,1292,1140,2943,2943,1291,1215,988,1102,1329
852,841,840,878,2986,2986,839,839,879,914,879
853,1620,1389,1315,1317,1354,1045,1045,1202,1275,1238
854,1054,1168,1091,1167,1053,1053,1129,1232,1239,2967
855,1776,1125,1130,1167,1196,1201,1093,1163,1200,1738
856,751,751,829,829,829,2083,2197,2083,2197,1816
857,2781,2707,2669,2791,2663,2705,2744,2705,2744,2666
858,654,654,2961,88,88,592,618,626,618,920
859,951,1978,1979,1979,1939,953,953,1028,1255,1255
860,1667,1705,1704,1704,1709,1742,1630,1706,1291,1668
861,1250,1139,1251,1101,1215,1252,1213,1063,1102,1138
862,1289,1289,646,644,644,2616,607,1630,1326,948
863,1055,1057,1091,1092,1361,981,1053,1053,1054,1131
864,1248,1286,1596,2970,869,869,836,908,1593,1593
865,2485,2567,2606,2562,2523,2562,2524,2525,2566,2608
866,1217,1711,1939,1256,1256,2015,1179,1978,2960,2960
867,537,574,536,574,611,575,539,425,572,535
868,1292,1291,1291,988,1330,1329,1367,682,1253,3038
869,875,1218,2054,421,2129,381,1181,1181,381,913
870,3001,2239,2239,2199,2201,1861,2240,2240,2242,2163
871,1630,1634,3030,1632,1632,1709,1668,1668,1520,1668
872,1106,1179,1144,1108,1104,1105,1142,2936,2936,1184
873,364,364,210,207,244,478,324,244,324,324
874,2279,2280,2240,2280,2277,2275,2239,2276,2314,2276
875,3038,1405,1292,1292,1253,1253,1402,1250,1250,1290
876,644,644,605,565,565,646,646,607,603,640
877,1114,844,1686,1686,1684,1686,1115,807,1645,1645
878,1250,988,910,836,2943,2943,986,874,798,874
879,1213,2943,1368,1216,1327,1253,1328,1175,1212,1289
880,2810,2806,2728,2767,2772,2689,2689,2769,2769,2729
881,529,414,528,490,494,494,451,492,490,417
882,1144,1343,1347,1106,1105,1112,1335,1345,1372,1298
883,446,445,620,407,483,520,520,482,481,622
884,9,2937,14,14,32,32,54,16,16,38
885,886,619,843,618,843,843,881,957,578,578
886,2989,1630,1630,2048,1897,1632,1557,1937,1596,1557
887,178,259,139,177,213,216,216,215,252,252
888,485,526,790,487,790,662,524,524,523,525
889,1175,1212,1250,1140,1252,1252,1139,3014,3014,1216
890,798,1938,1938,1936,2277,2240,2277,2240,2278,2012
891,1168,1168,729,1037,670,1074,728,768,734,768
892,1001,2219,1110,963,1078,1382,885,774,1080,1075
893,588,588,2961,618,517,517,587,624,443,407
894,719,683,988,2273,645,1824,1824,2273,3030,1743
895,520,620,556,589,3017,3017,445,481,585,1130
896,1063,1178,1098,1098,798,760,760,760,1140,1062
897,1488,1800,993,1760,1715,1715,1715,1979,1943,1030
898,75,114,38,37,150,71,36,73,73,76
899,529,528,489,526,526,566,488,568,485,341
900,2088,2956,1672,2013,645,2013,1668,1671,684,1668
901,189,189,189,184,304,304,227,304,225,303
902,824,823,822,825,892,859,887,887,853,855
903,2586,2587,2547,2548,2588,2626,2588,2624,2551,2589
904,1475,1475,2932,1361,1209,1169,2963,1245,830,830
905,153,153,122,122,192,117,192,157,118,118
906,784,820,782,821,891,821,850,783,1086,890
907,1585,1926,1583,958,1586,1034,1034,1927,1580,1814
908,122,118,125,162,120,120,120,129,117,164
909,832,870,870,1210,798,1172,907,835,1248,835
910,1251,1252,1253,1253,1290,1254,1254,1214,1328,1289
911,985,983,983,1062,988,1062,1061,722,987,986
912,2947,1776,1739,1739,1230,1093,1682,1777,1814,1814
913,2779,2921,2911,2919,2919,2781,2776,2953,2867,2813
914,1936,1934,947,2048,948,948,947,2012,1897,2014
915,1282,1245,1358,1168,1319,1319,1052,1623,1623,1281
916,867,1016,979,2267,941,942,1320,901,2190,2151
917,170,133,134,172,212,212,213,171,206,211
918,2961,481,590,517,591,556,554,589,522,622
919,1185,1185,1686,1687,1685,1687,2254,2254,2254,2219
920,1460,1228,1456,1223,1222,1264,1264,1800,1496,1227
921,684,684,569,569,798,798,760,683,567,683
922,981,2613,676,676,2650,2650,754,715,753,641
923,574,574,537,575,499,464,542,572,572,535
924,415,414,415,417,418,378,379,454,341,456
925,1089,1090,1089,1082,1695,1695,1696,1700,1427,1343
926,233,306,271,161,161,235,168,269,269,201
927,712,884,747,748,748,747,883,1090,847,1110
928,2845,2881,2919,2917,2968,2847,2847,2884,2885,2910
929,1405,1402,1364,1406,1442,1367,1401,1401,1744,1444
930,759,798,721,720,793,528,797,797,834,760
931,1228,1189,1226,1149,1149,1413,1165,1157,1157,1190
932,783,818,785,972,2941,1010,1010,2529,1125,1125
933,1026,1026,1062,988,1063,1063,1102,1102,1367,1367
934,74,34,30,37,36,107,36,114,114,2933
935,2941,1196,1196,1697,1738,1695,822,822,3029,1128
936,2114,2114,2188,2115,1852,1852,2154,2076,1995,2150
937,504,429,201,174,425,425,438,503,474,474
938,2952,1682,1645,1607,889,889,889,1683,739,739
939,1900,1862,1860,1899,1520,1824,1859,1859,3014,3014
940,74,34,30,30,37,145,145,24,145,145
941,1394,1092,1054,1049,1055,1077,1077,1321,1315,1391
942,1083,1389,1389,1697,1048,1048,1695,1045,2941,2941
943,2996,2996,1668,1706,1671,1291,2956,1668,988,1253
944,1278,1279,1316,1279,2967,1277,1047,1125,1241,1241
945,310,240,273,460,273,271,306,242,3010,309
946,1744,529,566,2507,450,488,488,1784,1784,453
947,1330,1292,3038,1368,1291,988,1329,1405,1405,1367
948,2379,2257,2295,2333,2381,1885,1885,1771,2062,2062
949,1608,1192,1192,2936,2936,1606,1609,1150,1150,1119
950,949,950,988,1022,1022,1024,948,947,987,987
951,988,1252,986,874,873,263,263,1064,1140,263
952,798,798,1140,796,1062,1137,1061,1148,1138,1178
953,1190,2219,1188,1149,2170,1184,1184,2170,1685,1192
954,1077,1119,1081,1075,2936,1150,1154,1154,1157,1123
955,2320,2281,2281,2359,2358,2959,2321,2283,1027,2434
956,1205,970,1167,1242,1203,1204,1130,1129,900,934
957,2086,2047,2047,2051,1668,1668,1405,2049,1783,1783
958,1125,1157,1157,1196,1163,1156,1121,1127,1127,1127
959,2791,2793,2793,12,51,2815,13,13,13,60
960,1356,1621,1390,1392,1011,1052,1357,1357,1660,1051
961,734,735,1074,813,1001,1002,1002,1002,1112,1110
962,1520,1823,1213,1482,1214,1216,1900,1861,1861,1897
963,956,957,955,955,1229,954,879,954,1230,917
964,1636,1902,1901,1866,1864,1864,1600,1865,1712,1712
965,1252,1214,1253,1251,1291,2996,950,1630,1630,1633
966,364,314,288,770,145,287,3032,711,287,599
967,1215,1228,1174,1533,1934,1934,1213,1833,1139,1794
968,1055,2977,1125,1358,1358,1128,1164,1164,1130,1052
969,1668,1668,2124,2052,2048,1634,1670,2052,1627,1670
970,879,841,2965,652,884,840,621,621,916,613
971,2759,2641,2683,2678,2681,2982,2758,2714,2680,2756
972,1191,1191,1383,1383,1186,1186,1187,1147,1185,1224
973,1109,1148,1147,1188,1183,1150,839,2936,1075,1146
974,840,801,876,838,880,763,763,879,837,811
975,1329,1330,1292,1291,1062,1063,1367,1367,1024,1101
976,988,2694,986,911,986,2620,1291,1025,1329,2654
977,2088,684,2013,949,2052,1634,2052,2089,646,1671
978,746,778,771,741,739,741,709,708,708,703
979,1634,2956,1672,2956,1671,2996,1670,1709,1632,1631
980,1783,2090,2163,1744,2090,2051,1708,1062,2203,1062
981,2013,2048,2011,2011,2011,2930,2088,2930,1671,2956
982,1251,1252,986,873,873,909,1328,1290,988,1249
983,3030,3030,1558,1824,1520,1823,1861,1862,1862,1860
984,1130,1168,790,1738,828,1739,979,1131,1435,1169
985,1991,1685,1952,1913,2997,1950,1990,1963,922,1917
986,529,605,798,570,608,569,607,644,646,646
987,1916,1613,2000,1873,2946,2946,2220,1965,1965,1918
988,1037,768,1847,1840,2406,2366,2409,1001,2409,1845
989,1055,1053,1093,1091,1056,1056,1017,1019,1049,1283
990,2163,2124,2128,529,2950,2162,2125,606,570,2127
991,384,2978,422,422,382,420,420,3024,347,421
992,168,437,163,163,169,163,134,162,162,165
993,843,880,880,886,881,887,883,842,842,918
994,406,442,442,369,405,404,444,444,443,512
995,2616,2579,2620,2694,2539,2619,2581,874,2541,909
996,978,1283,942,982,868,868,904,905,905,1248
997,49,2928,86,19,48,44,53,53,53,55
998,988,2048,2124,2163,2047,2050,2543,2389,2543,2544
999,1282,3004,1131,1055,1283,1358,1321,1093,675,675
1000,1181,1188,1183,1150,1150,1180,1192,1146,1149,1189
1001,1522,1485,1485,1560,1257,1255,1445,1902,1902,1445
1002,2247,2064,2064,2030,2030,2990,2027,2104,1988,2173
1003,1683,2075,1155,1720,1772,1733,1772,1691,1691,1691
1004,1558,1558,3030,1823,1861,1862,1975,1821,1821,1821
1005,913,457,381,381,875,875,875,609,382,837
1006,150,75,111,144,71,109,114,108,112,152
1007,1028,2016,2244,2320,2282,2281,1027,2015,2205,2054
1008,1980,2017,2018,2018,1979,2207,2244,2244,2020,2019
1009,831,759,798,3001,3001,1062,1062,1858,796,1858
1010,1245,328,329,329,633,903,902,978,939,975
1011,830,829,2963,792,754,792,1171,832,832,790
1012,2407,2448,2409,2366,2369,2406,1038,994,1038,1032
1013,1685,2219,1991,1762,1763,2150,2030,1765,1649,1725
1014,951,723,1028,725,801,801,763,763,953,1030
1015,74,37,34,114,30,30,30,71,36,32
1016,842,1114,844,1081,2941,1109,2952,1115,1115,1083
1017,1302,1460,1459,1454,1454,1228,1195,1224,1195,1683
1018,2603,2642,2338,2682,2641,2639,2644,2643,2643,2378
1019,1783,1405,1668,1671,1706,1708,1744,2090,2090,2464
1020,422,425,460,462,462,3024,3011,421,383,2978
1021,1622,1581,1583,1618,1580,1618,1812,1276,1276,1582
1022,1450,1226,1224,1150,1150,1230,1230,1228,1230,1228
1023,1978,1979,1979,1939,2931,2017,2054,2016,2960,1977
1024,2086,1629,1671,1668,1668,1668,1631,1705,1705,1705
1025,353,388,352,352,351,313,422,3032,317,317
1026,988,2124,2125,2950,2163,683,1062,1025,2165,2127
1027,1738,1130,1699,1661,1623,1435,1131,1625,1660,1660
1028,2269,2105,2229,2182,2062,2228,2061,2230,2193,2155
1029,1007,1126,1125,1015,275,1196,1317,1317,1317,1316
1030,874,798,874,1861,1140,1140,2659,1824,796,2660
1031,1061,836,796,796,3001,1746,835,835,1136,1136
1032,1015,1050,1051,1088,1048,1048,1013,1012,1391,935
1033,3004,1357,1357,1359,1397,1282,1280,1395,1662,1243
1034,303,263,302,265,265,265,266,2935,225,227
1035,425,464,305,463,462,2666,2666,2881,2881,423
1036,340,339,342,263,378,301,265,337,303,303
1037,491,341,529,380,606,489,570,570,488,417
1038,2917,2884,2882,2882,2926,2841,2885,2885,2919,2886
1039,798,760,1858,759,1062,1102,1405,1102,1783,1783
1040,492,492,379,379,341,416,455,416,414,380
1041,2601,2598,2560,2523,2600,2523,2602,2602,2602,2479
1042,1283,1015,1246,1246,2347,1208,1207,1170,1282,978
1043,679,718,2166,2166,2161,2165,2127,2200,680,680
1044,1243,1207,2994,1209,1282,1283,1246,1206,1206,898
1045,828,2584,2544,2544,2618,2459,2618,2618,2622,2541
1046,3014,3014,1140,1175,1212,1174,1214,1214,1214,1178
1047,1916,1873,2946,1918,1959,1043,1613,1959,1613,1644
1048,3030,1634,2989,2989,1596,1557,2970,1672,1558,1671
1049,1245,1282,1055,1091,1700,1054,1131,1093,1169,1738
1050,843,805,805,485,806,920,806,733,846,845
1051,2598,2601,2600,2601,1107,2644,2644,2514,2561,2551
1052,1213,874,1216,1175,1175,912,1215,3014,1139,1177
1053,1950,1950,2252,2997,1948,1948,2173,1911,1911,1643
1054,1057,1057,3025,982,676,676,1094,1094,716,981
1055,424,425,382,343,422,384,387,381,387,387
1056,1181,1190,2131,2131,958,1189,1224,1191,1193,1226
1057,873,874,1213,912,378,1289,1897,909,909,1897
1058,1706,2165,2127,2127,2011,2052,2048,2011,1783,2125
1059,1131,1738,1130,1395,1169,1091,1361,1167,1245,1396
1060,530,532,531,529,532,529,493,570,570,455
1061,1027,1028,2244,2320,1065,2281,2281,1031,2359,2359
1062,675,2648,2609,2487,1055,2646,2606,2608,2567,2485
1063,263,150,75,301,340,114,225,112,342,342
1064,1062,1254,1061,759,759,1401,1024,1176,1176,873
1065,485,524,523,525,525,562,2233,563,790,564
1066,38,10,74,74,3019,111,2937,9,14,17
1067,782,2233,2941,2269,896,781,747,747,747,783
1068,840,763,1071,1110,2439,765,801,761,1358,1357
1069,934,970,1012,900,896,896,898,862,2941,1128
1070,949,2503,950,2508,2542,2506,2506,2468,2505,2465
1071,2244,2205,2359,2207,2959,951,2167,2209,2209,2320
1072,1390,1393,1390,1352,1126,1391,1009,1353,1353,1312
1073,590,522,554,624,596,661,596,661,658,666
1074,3014,3014,1140,1178,1482,1173,1173,1173,1214,1214
1075,1991,1990,2104,2028,2067,2030,2106,2032,2027,2069
1076,1168,1270,1166,1163,1163,1228,1165,1155,1093,1198
1077,683,2938,1064,417,417,988,950,1063,1102,2124
1078,2643,2643,2602,2642,2600,2600,2562,2562,2562,2563
1079,1121,2949,1155,1123,1115,1115,1196,1150,1197,1072
1080,34,74,2937,38,38,37,32,36,35,110
1081,684,950,1367,722,682,682,1631,1631,1708,1708
1082,145,145,146,111,189,226,226,226,228,150
1083,3014,1139,1176,1480,1480,1480,1250,1102,1102,1479
1084,2751,3028,2795,2749,2752,2875,2790,2875,2831,2707
1085,798,569,569,491,3016,3016,646,492,492,605
1086,1130,1054,1016,979,1625,790,1093,1091,1738,1663
1087,1037,1001,1001,768,2371,733,2184,2446,2446,1040
1088,978,977,1055,1053,939,1015,172,976,133,133
1089,384,2978,422,422,381,381,343,343,421,347
1090,1328,1290,1596,1290,1290,1288,1288,1327,1710,1327
1091,1155,1695,1695,2980,1736,1160,1150,1691,1691,1733
1092,1196,1150,1115,883,1196,919,891,1148,2941,2941
1093,1293,1294,1217,1295,1298,1031,1256,1103,1103,1105
1094,37,75,114,114,38,150,107,71,145,149
1095,1625,1623,1702,1661,1663,1663,1624,1624,2998,1739
1096,2835,2835,2793,2793,2875,2878,2878,2878,2839,2873
1097,913,1905,1942,878,875,1943,1181,880,2093,1371
1098,683,645,682,719,569,607,607,602,718,565
1099,1634,1672,2956,1671,2956,1668,988,2996,950,949
1100,873,873,909,912,1215,1215,1249,2616,2619,2943
1101,1150,1228,1230,1226,1148,1193,1229,1266,1190,1188
1102,1405,1367,1367,1214,1251,1402,1402,1480,1402,1140
1103,74,37,114,114,38,150,32,71,149,75
1104,2967,1239,1125,1125,1203,1238,1237,1202,1201,1201
1105,2243,2320,2281,2283,2360,2959,2357,2205,2472,2167
1106,1150,1150,1148,1155,1155,1194,1194,1152,1154,1190
1107,1783,1746,1746,1708,1671,1706,1671,1706,1669,1405
1108,1150,1150,1153,1185,2179,1118,1118,1385,1337,1075
1109,1197,1235,1199,1198,1395,1274,3004,1432,1388,1236
1110,1245,1245,1237,1269,1269,1228,3004,2949,1200,2949
1111,2666,2781,2781,2700,2704,2707,2742,2701,2790,2663
1112,2128,2506,2464,2934,2506,2125,1440,2161,2163,2163
1113,1112,1110,1110,1114,1109,1075,1109,1109,1073,1113
1114,1671,1671,1668,1672,1670,1634,1709,1708,2013,2013
1115,1167,1776,1854,1130,1815,1967,2947,1093,1055,1055
1116,1040,2219,2299,1001,2105,2149,2150,2228,2104,2151
1117,688,688,688,913,654,648,2169,649,654,651
1118,647,609,3026,686,3023,651,649,648,688,611
1119,2408,2370,2371,2371,2410,2410,2333,2068,2331,2068
1120,1201,1163,1127,1127,1160,1126,1125,1162,1126,1159
1121,239,237,240,240,242,273,238,136,168,241
1122,1596,2970,1630,1630,1594,1631,1632,1632,1706,1671
1123,1557,1558,1821,1821,1859,1859,1859,1862,798,1862
1124,950,2731,2730,2730,2938,2540,2507,2502,682,2691
1125,1053,1054,1093,1738,1776,749,747,748,748,749
1126,1522,1484,1484,1484,1255,1713,1256,1486,1485,1485
1127,1213,1212,1212,1216,1215,1254,1254,1139,3014,1177
1128,2124,2047,2163,2048,2048,1138,1292,1441,1441,2128
1129,379,263,227,300,227,227,225,303,189,454
1130,1667,1591,1705,1629,1553,2989,1596,1592,1709,1671
1131,2256,2188,2115,1954,2219,2189,2219,2260,2104,1995
1132,2239,1823,1823,795,2201,1862,2240,2242,2240,2618
1133,1077,2949,2936,1075,1384,1345,1112,1112,1380,1114
1134,404,403,403,403,401,476,366,443,437,369
1135,88,81,44,119,119,49,117,117,118,2928
1136,1148,1152,1150,1113,1154,1155,1153,1151,1147,1109
1137,2936,1075,1150,1153,1270,3035,1270,1270,1071,1071
1138,764,728,763,762,765,726,726,725,761,766
1139,801,802,838,807,840,844,763,841,839,2522
1140,400,362,440,326,291,403,403,2995,2995,325
1141,378,263,340,414,414,414,416,375,375,342
1142,829,751,2271,2233,790,1133,1245,2310,2963,791
1143,896,896,1242,2415,2415,934,930,929,961,1240
1144,2887,2845,2884,2849,2847,2711,2711,2752,2885,2850
1145,683,646,646,607,607,682,642,2938,3016,3016
1146,288,291,291,324,287,327,364,365,3009,327
1147,1200,1128,1129,1165,1091,1195,1216,1216,1125,929
1148,2219,1995,1691,1994,1772,2074,2037,2074,2948,1997
1149,2941,745,711,709,1093,781,673,821,748,747
1150,1292,1253,1328,1402,1290,988,1672,2956,1668,1291
1151,796,1099,1063,1063,1098,1176,1062,1026,798,760
1152,1452,1686,1687,1643,1643,1185,1950,1682,1907,1417
1153,873,873,1214,1140,912,1215,797,1252,950,608
1154,1394,1049,2967,1205,1205,3004,3004,1237,1048,1048
1155,1291,1292,1252,873,1214,873,988,1253,1328,912
1156,683,988,684,722,1367,2124,1367,722,2163,682
1157,1064,1063,1063,1024,1101,1291,1022,1026,988,1025
1158,1292,988,1291,1291,1063,1102,1329,1063,1097,1102
1159,1251,1290,1252,1328,2659,2696,2660,2696,1254,1215
1160,267,229,268,268,269,270,571,305,573,533
1161,1237,1274,2967,1308,1235,1269,1241,1277,1277,1198
1162,263,340,378,342,304,304,303,2935,225,379
1163,1668,1671,988,1405,1367,1783,1783,2052,2052,2052
1164,1737,1124,2945,1432,1432,1115,1691,1115,1115,2980
1165,1940,2960,1978,1901,1939,1673,1712,1711,1902,1673
1166,1253,1253,1291,1252,1292,1368,988,1290,1290,684
1167,1250,1254,2943,1175,1175,1212,1212,1289,1251,1290
1168,896,975,937,937,900,974,1242,1242,932,932
1169,1099,1329,1329,1097,1097,1442,1098,1444,1101,1100
1170,644,644,607,605,567,567,3016,3016,603,569
1171,742,742,778,746,1049,1049,743,1011,709,1050
1172,671,707,710,709,708,633,636,777,711,669
1173,1367,1367,1364,3038,3038,1402,1290,1025,1025,1062
1174,366,403,401,401,401,365,362,476,287,363
1175,707,739,669,739,709,710,746,746,633,703
1176,1110,1071,1073,1073,1078,1114,1115,1040,1080,1075
1177,2322,2323,2362,2369,2366,2990,2990,2327,2327,2327
1178,956,1222,1228,1228,918,1268,1034,1193,1193,1229
1179,2240,2240,1858,1821,1858,1821,1859,1823,1938,1938
1180,988,1668,1671,1706,1405,1669,1292,1292,1367,1746
1181,1632,1668,1671,341,1630,379,1670,379,2989,1631
1182,835,836,836,798,757,757,834,1174,1174,1174
1183,798,836,831,1214,529,529,760,529,1175,835
1184,851,847,884,921,921,885,922,885,886,883
1185,263,340,265,301,414,416,416,303,378,342
1186,28,32,34,38,68,68,69,36,35,35
1187,291,291,364,364,362,366,326,403,324,324
1188,949,1022,1022,1249,1400,2046,987,1326,982,1634
1189,958,998,1228,960,965,925,925,967,961,961
1190,164,163,163,162,120,165,154,157,168,166
1191,341,2318,1937,1976,1937,1976,380,2356,2356,2241
1192,1215,906,1627,641,982,982,830,981,1286,1253
1193,873,874,1253,988,646,646,950,910,1215,2943
1194,1102,1102,836,2619,874,874,873,873,988,1026
1195,2124,1746,1746,2163,1402,1402,2543,2543,2544,1442
1196,1255,1255,1218,1027,1217,1141,1256,1028,1181,1257
1197,922,919,1150,883,883,809,809,1153,1155,1155
1198,263,304,303,342,265,227,265,265,340,2935
1199,1237,1274,2967,2967,1205,1205,1276,1277,1269,1270
1200,2545,2728,2546,2546,2544,2544,2767,2934,2542,2934
1201,1977,1977,2015,2960,1218,951,2053,953,1181,913
1202,1809,1809,2114,2114,1772,1771,1771,2076,2149,2150
1203,2735,1251,1250,2660,2660,2984,2318,2943,2315,1252
1204,2548,2625,2509,2586,2587,2588,2588,2588,2549,2627
1205,2512,2511,2511,2433,2433,2510,2550,2550,2472,2475
1206,992,1031,1030,1230,1230,954,954,1265,994,993
1207,1049,1048,1011,1050,973,1315,1316,1279,1279,1316
1208,1086,1013,1049,2941,1051,1051,1391,782,749,749
1209,2941,1125,824,789,1055,783,785,786,3029,822
1210,2767,2768,2728,2772,2597,2597,2729,2727,2557,2557
1211,2994,2994,1282,2962,1283,1246,1169,1206,1208,1167
1212,1199,482,1205,1201,1204,1201,520,1735,1236,1735
1213,1167,1854,1229,828,1190,1190,1205,1188,1230,789
1214,992,1031,1891,1031,1030,955,1967,954,954,1032
1215,1952,2997,1952,1115,847,845,1991,1991,1991,922
1216,1744,1744,1746,1708,1405,1748,1102,1745,1063,1785
1217,683,719,760,2938,721,721,680,645,988,720
1218,379,341,1249,377,982,1019,758,795,380,2938
1219,263,303,265,340,414,414,379,378,342,339
1220,1083,1082,1700,1625,1625,1625,1350,1358,1350,1391
1221,500,425,542,542,465,464,503,504,539,463
1222,340,259,301,301,107,107,263,380,341,339
1223,2619,1288,1249,1895,1895,2620,1820,909,2989,2989
1224,1159,1125,1128,1160,1160,1196,1161,1161,1163,1163
1225,1368,1100,1100,1025,1062,1062,1062,1063,1102,1097
1226,1009,1305,1077,1343,1112,1123,1116,1073,1072,1345
1227,2597,2681,2679,2680,2680,2939,2682,2720,2721,2639
1228,807,843,769,842,842,741,741,804,804,844
1229,1239,1240,1276,1125,1241,1242,970,1202,1238,1201
1230,1065,1332,1332,1029,1071,1066,1114,1078,1039,1180
1231,2941,1125,783,1128,748,749,749,1090,1090,1049
1232,3030,1823,1937,1972,1976,1976,1937,1862,1862,1861
1233,156,156,157,157,158,158,155,153,193,122
1234,1522,1445,2130,2132,2132,2092,1559,2092,1560,1559
1235,74,417,38,37,150,75,109,75,145,379
1236,263,301,340,2935,378,376,376,339,265,265
1237,1049,1011,1315,1391,1391,1394,1353,806,3004,1389
1238,1409,1410,1371,1408,2951,1220,1181,1407,1217,1446
1239,1126,1051,1126,1351,1391,1394,1052,1052,1090,1089
1240,437,161,208,160,134,201,168,168,3012,3012
1241,2937,14,32,36,34,16,187,68,68,68
1242,719,760,645,645,720,988,756,722,2048,2048
1243,907,1974,908,831,2944,1591,1515,1591,872,2008
1244,1976,1935,1557,3030,1251,1290,1557,3030,795,2970
1245,2644,2682,2684,2681,2684,2680,2647,2605,2647,2642
1246,212,173,406,213,367,442,442,369,369,252
1247,953,951,990,989,989,954,952,952,1939,2244
1248,2067,2148,2070,2186,2184,2068,2069,1001,2107,1001
1249,312,422,275,350,424,311,3032,311,388,206
1250,794,2584,684,684,683,494,2622,798,798,682
1251,302,2957,2957,302,190,224,298,187,189,113
1252,459,497,460,457,498,2017,3024,3024,267,421
1253,658,657,520,621,587,624,624,656,656,522
1254,760,1363,1026,758,1783,1783,1364,1744,1746,1402
1255,1062,1063,1063,1367,1098,1099,1099,760,1101,1101
1256,1110,1110,1110,1309,1114,1146,1662,1109,2936,1385
1257,1043,2936,2936,1115,1112,1114,1114,1093,1045,1045
1258,122,120,125,162,125,156,192,164,117,117
1259,1384,1384,1384,1359,1110,2949,3007,1146,1146,3007
1260,422,3024,343,3024,420,419,2978,2978,384,3011
1261,2544,2543,2545,2692,2692,2508,2584,2508,1026,2689
1262,951,953,1028,990,955,2205,1217,991,1219,1939
1263,1181,1183,1180,1409,1409,1148,1141,1219,1219,1408
1264,2994,1235,1235,1236,1274,1273,1131,2967,1243,1395
1265,1452,1679,1681,1686,1681,1724,1683,1954,3022,1682
1266,2962,1246,2233,1891,1133,829,867,1208,2272,2197
1267,2315,2316,2354,2317,2317,1976,1976,2352,1937,1976
1268,341,1671,2009,2010,1972,1974,1937,3030,1976,1972
1269,3016,608,608,1596,567,1706,646,684,2956,2956
1270,2603,2602,2604,2642,2642,844,2606,2567,2563,2643
1271,2472,2598,2598,2471,2471,2512,2514,2514,2513,2513
1272,2127,2127,2127,2090,2204,2090,2950,2204,2163,2125
1273,2003,2118,2081,3029,2041,1452,1181,1682,2421,2421
1274,2724,2684,2686,2560,2560,2647,2645,2726,2643,2685
1275,1291,1252,1292,1290,1251,3038,1253,1329,1329,1367
1276,592,590,596,553,596,556,554,627,627,518
1277,1252,1289,1251,1251,1215,1213,2943,1326,874,1327
1278,483,550,443,480,446,622,445,484,622,621
1279,1017,1093,1018,1018,2004,2004,3004,1016,1049,788
1280,1460,1533,1459,1613,1644,1644,2949,1608,1571,1608
1281,37,304,114,114,225,719,719,38,189,150
1282,1130,1093,1196,1129,1194,1421,1153,2947,1168,1406
1283,1216,1032,1032,995,996,996,3014,1174,1174,1175
1284,1148,1150,1188,1153,1147,1185,1109,1383,1183,1190
1285,1959,1959,1959,1962,1921,1919,1919,1961,1925,1925
1286,2261,1093,2219,2264,2219,2648,2607,2607,2607,2298
1287,1254,1364,1364,872,1023,796,417,643,643,1668
1288,2189,2227,2228,2188,2190,2190,2229,2115,2155,2149
1289,1270,1228,1228,959,1226,1193,1268,997,2936,1229
1290,1783,1744,1744,1405,1786,1748,1405,1784,1784,1745
1291,1324,1324,1702,1337,1665,1703,1438,1438,1703,1741
1292,1196,1196,1196,1083,1389,1049,1122,1122,1125,1125
1293,1167,1167,1203,1203,1242,1206,1208,1240,2967,2994
1294,1150,1440,1739,1192,1148,1405,1442,1154,1190,1188
1295,1995,1995,1994,1994,2036,1691,1697,1733,1733,1734
1296,2875,2839,3028,2795,2841,2878,2838,2751,2666,2873
1297,934,934,898,864,864,1205,861,861,824,824
1298,2938,2938,988,2767,2732,2769,2655,682,682,2691
1299,3030,873,873,1213,1252,1520,1558,1558,912,1823
1300,162,95,95,166,19,130,130,130,134,163
1301,758,1709,1860,1520,1026,1406,1406,1406,1401,3014
