"x","z","Hsp83"
-194.04,30.2,0.798199049661329
-203.32,20.08,0.798043320952621
-200.25,23.93,0.798312734935638
-205.88,14.82,0.79801179784113
-193.17,29.67,0.798569792445388
-206.59,12.24,0.798060854711369
-198.13,24.38,0.797988694613759
-194.7,26.54,0.798030741752148
-203.75,16.51,0.798408865352753
-200.11,18.09,0.798631683644019
-206.22,9.06,0.798293861594734
-202.39,13.52,0.798292791403019
-202.13,11.52,0.798227622550177
-205.72,7.34,0.798332413198528
-201.42,7.27,0.798321354345284
-206.71,2.37,0.798223311274607
-199.03,4.71,0.79833430550142
-203.69,2.84,0.798229148268465
-193.52,2.68,0.798590954619177
-200.4,0.58,0.798322072875506
-195.41,-0.93,0.798778656974699
-204.12,-1.35,0.798501072848609
-197.57,-4.07,0.798710036430342
-201.96,-4.56,0.798355328368305
-191.43,-8.45,0.798767144713339
-198.93,-7.57,0.798372033953283
-189.89,-11.8,0.798428766335959
-199.52,-10.22,0.798634919338995
-191.08,-14.76,0.798522622254747
-203.95,-7,0.798213907515602
-181.31,-23.91,0.79880881671257
-198.16,-13.51,0.798300716821076
-207.38,0.5,0.798554128532481
-191.34,-19.46,0.798262000428865
-196.33,-16.53,0.798106188769497
-202.33,-10.37,0.79846692238059
-190.68,-22,0.79844434068942
-199.8,-13.77,0.798616203105293
-188.29,34.68,0.797981195957703
-191.09,32.25,0.79816499879055
-186.07,35.54,0.798378589318827
-196.23,27.78,0.798062803881443
-182.3,36.49,0.798501221331751
-188.33,33.21,0.798733490084954
-189.78,28.67,0.798205880407047
-184.57,28.95,0.798296789485575
-183.93,31.93,0.797605039295623
-193.92,21.86,0.798688160186149
-188.45,22.81,0.798502439200276
-193.29,18.67,0.798135256926548
-194.58,13.2,0.798212136045697
-196.32,10.41,0.798457292504666
-187.25,14.18,0.798318940434763
-194.23,7.25,0.798364064733336
-187.86,11.36,0.798240647723336
-188.06,7.59,0.798456012540013
-182.26,5.73,0.798824760143898
-188.29,3.2,0.798573914447585
-182.97,1.15,0.798824760143898
-189.61,-1.46,0.798877859087344
-185.84,-3.61,0.798916419067034
-192.37,-5.65,0.79904794301914
-172.7,-11.81,0.798667874161645
-183.3,-12.01,0.798857253530424
-176.45,-14.61,0.798871282761673
-195.65,-10.91,0.798011097254431
-184.03,-17.77,0.798771396096319
-193.84,-15.65,0.798173637371168
-188.59,-18.39,0.798653337725956
-183.95,-21.22,0.79867243385786
-184.15,-25.33,0.798794766427518
-187.38,-22.09,0.798644955395546
-187.88,-23.67,0.799009973649437
-193.25,-19.69,0.798252900854425
-175.53,-32.6,0.799081665739228
-182.08,-28.31,0.798947890627306
-180.29,39.41,0.797520220414846
-183.07,37.64,0.798012387061078
-176.71,40.34,0.797353379041719
-179.45,38.48,0.797559410406687
-184.39,34.09,0.798171227603443
-189.2,31.05,0.798197765869539
-179.75,35.07,0.797975027543842
-173.69,36.21,0.79763222455135
-179.72,31.28,0.797402293294275
-186.15,26.17,0.797983332775325
-179.22,28.58,0.797472189775065
-181.56,24.65,0.797863045041575
-184.57,20.88,0.798557045401814
-189.08,17.61,0.798331614707733
-181.96,18.12,0.798629400879135
-180.25,14.58,0.798303064124465
-176.5,11.36,0.798485556073059
-180.88,9.43,0.799110405983233
-175.05,6.21,0.799115898482158
-176.25,2.85,0.798729258115467
-171.27,0.75,0.798854076321588
-178.62,-1.22,0.798723815484162
-180.91,-5.8,0.798860441063333
-185.17,-8.11,0.79887697599022
-166.02,-11.01,0.798487440636307
-168.87,-14.81,0.798409638966461
-170.14,-18.26,0.798533944911207
-184.1,-14.88,0.798871109063545
-178.82,-20.19,0.798593179581804
-176.37,-22.72,0.798822912163541
-178.61,-26.82,0.798963872430896
-171.31,-28.24,0.798918087586346
-175.64,-29.39,0.798771962990518
-181.31,-27.81,0.798595024967155
-169.14,-33.81,0.798947008092617
-174.16,-32.05,0.79886960618334
-165.1,-38.6,0.798612695206325
-185.3,-26.14,0.798452560111907
-171.19,43.77,0.797861297615463
-175.15,41.79,0.797288218433543
-170.9,43.19,0.797651230260443
-172.06,41.61,0.797034414477568
-174.53,39.61,0.797340352007843
-168.74,41.03,0.797681900211897
-167.14,38.38,0.797423991800921
-171.33,38.76,0.797870890761114
-169.35,35.61,0.797494324921864
-176.62,33.59,0.797448738417154
-173.74,30.92,0.798154203646271
-173.04,27.82,0.798175346408118
-176.37,25.45,0.798325229903479
-177.91,21.83,0.798382634084116
-174.78,18.88,0.798597915895512
-173.91,15.4,0.798542963392371
-169.24,12.57,0.798281828995856
-170.39,8.89,0.799023404593267
-161.85,4.72,0.797886107087669
-167.93,5.22,0.798456181801102
-165.72,1.03,0.798397116315685
-174.55,-3.59,0.798765997676037
-174.22,-7.58,0.798730681331156
-178.41,-10.1,0.799276100041001
-162.37,-14.69,0.798594080945929
-163.82,-18.38,0.798411836797918
-164.56,-22.14,0.798550842265977
-176.89,-17.35,0.798768987044434
-169.17,-24.18,0.798423954583924
-174.29,-25.71,0.799026442359949
-166.25,-30.09,0.798478173980197
-165.2,-33.03,0.798692461600946
-170.76,-31.18,0.798583059560861
-162.59,-38.56,0.798566798291476
-167.06,-36.43,0.798798356776497
-171.53,-34.45,0.798796063944993
-160.64,-40.85,0.798282522313354
-169.27,-36.49,0.798428274434291
-164.19,46.6,0.797433668953387
-167.63,45.25,0.797337582983349
-164.48,46.11,0.797279448999974
-167.27,44.47,0.797554340918372
-167.14,42.78,0.797232038081555
-163.49,44.64,0.797352357930635
-163.9,40.55,0.797329579709347
-160.11,39.1,0.797596259299654
-163.35,36.59,0.797943737459399
-170.51,32.8,0.798380174008742
-164.31,33.74,0.798213986612495
-166.13,30.53,0.798220851156713
-168.74,24.36,0.798192472672788
-171.19,22.26,0.798455287593429
-164.26,20.41,0.797684036514992
-168.23,18.2,0.798189339036444
-165.09,14.69,0.797816087310629
-163.49,9.28,0.797989458615598
-151.26,10.4,0.797969520154042
-157.01,7.9,0.797619468027222
-158.24,0.71,0.798401012154506
-161.87,-2.72,0.798301844381416
-161.39,-6.58,0.798487915104314
-167.85,-7.52,0.79867822550638
-157.11,-16.74,0.798594080945929
-158.62,-20.62,0.798717297391965
-154.4,-23.29,0.798350637394584
-171.17,-21.17,0.798648291393902
-161.03,-28.67,0.799104666467247
-166,-26.6,0.798660618770673
-160.43,-32.03,0.798141468117782
-159.33,-35.16,0.798252917721025
-153.87,-40.45,0.798167805612455
-163.73,-35.88,0.798919709165543
-152.63,-43.1,0.797924608585715
-155.7,-43.3,0.798226822330089
-151.3,-45.53,0.798024417910326
-162.04,-40.69,0.798518195029812
-156.51,49.21,0.797124688963778
-161.25,47.65,0.797342740383147
-159.17,47.98,0.796980793309851
-161.32,46.44,0.796924852178898
-157.8,46.56,0.796974668805793
-159.29,44.63,0.796880499252439
-162.44,42.79,0.796981865437219
-158.12,41.94,0.797620034135156
-154.3,40.18,0.797436339544368
-156.94,36.87,0.797435065898073
-158.24,33.91,0.797569207537986
-159.96,30.99,0.797622078854974
-160.01,27.69,0.797457118373305
-162.67,24.87,0.797983423206098
-158.96,21.91,0.797774675747675
-159.77,17.05,0.797738292443502
-154.29,14.36,0.79791726828724
-159.5,12.22,0.797626195249762
-148.57,6.42,0.797879998249362
-154.56,4.02,0.798033483772669
-150.87,-0.36,0.798326733174581
-154.56,-3.57,0.798135331201354
-155.1,-7.7,0.798102562703642
-159.61,-10.81,0.798859405758196
-149.62,-15.76,0.79873187046459
-151.99,-19.5,0.799022364567918
-149.98,-26.32,0.798794393986233
-160.7,-24.7,0.798546674138128
-150.04,-29.75,0.798739838031732
-155.43,-30.77,0.798799080676266
-154.34,-34.22,0.798643175499354
-154.06,-37.53,0.798161435677501
-149.18,-39.89,0.797734694538258
-157.67,-40.91,0.798262870617142
-142.92,-47.45,0.798175827402023
-148.19,-45.3,0.797924608585715
-148.3,-47.51,0.797968098958793
-153.3,-45.36,0.798109881678264
-151.68,50.7,0.79665604313545
-153.92,49.76,0.79720778123781
-148.61,51.23,0.797068492176205
-155.55,48.5,0.7970030396336
-152.35,48.3,0.797543818782132
-153.98,46.47,0.797342123510869
-148.39,48.01,0.797501655762581
-151.89,42.66,0.797255174086907
-147.09,41.05,0.79765119992002
-150.58,38.26,0.797779284009393
-151.78,35.26,0.797589670364994
-152.55,32.02,0.797572757797568
-154.01,28.92,0.797743966090857
-154.42,24.93,0.79757777569725
-150.02,22.21,0.79779410409017
-154.17,19.12,0.797716791828787
-148.55,16.95,0.797537927922392
-146.06,12.92,0.797965254099294
-139.87,4.72,0.79759805493719
-146.5,2.43,0.797879998249362
-144.46,-2.64,0.797697126626963
-148.17,-6.11,0.797969006165011
-149.47,-10.28,0.798092616061253
-154.66,-13.11,0.798604803899122
-145.08,-19.15,0.79878285654957
-147.62,-22.78,0.798461252212322
-143.32,-26.17,0.798869685702056
-155.77,-26.99,0.79877852812718
-142.8,-32.85,0.798168444278817
-148.89,-33.27,0.798554495128719
-143.06,-36.14,0.798206213181655
-148.82,-36.66,0.797798140602747
-144.16,-42.26,0.797970468443673
-148.88,-42.74,0.797883121008994
-136.75,-50.15,0.797100102952846
-146.08,-47.61,0.798094398346121
-142.96,-49.58,0.79772921060449
-144.17,-49.48,0.797993687143113
-140.5,53.45,0.797012944428281
-146.36,52.18,0.79722149390808
-143.2,52.55,0.79706615949257
-150.61,50.03,0.797328132955521
-147.08,49.83,0.797029150719673
-143.34,49.16,0.796910954111222
-144.81,46.74,0.797115577417086
-146.4,43.99,0.797240005394958
-141.09,42.64,0.797194872840838
-142.22,39.19,0.797313401592234
-145.16,36.56,0.797370042077954
-145.86,33.16,0.797498652124587
-146.58,29.62,0.797334529461736
-147.96,26.27,0.797462648879332
-142.06,23.84,0.797854071616435
-143.94,20.14,0.79802091971316
-140.88,16.35,0.797389502322362
-142.99,8.73,0.797779719428839
-135.66,8.4,0.797488521692012
-139.56,0.22,0.797750077773126
-138.02,-4.64,0.797445211733811
-141.79,-8.25,0.797847713927083
-138.33,-11.39,0.797610796134133
-145.06,-13.1,0.798197331284544
-136.41,-19.56,0.797896637585312
-140.78,-22.59,0.798536727607518
-137.56,-29.22,0.797987082131106
-143.91,-29.57,0.798374886976057
-136.66,-35.68,0.79735030490104
-138.04,-38.86,0.797508497899279
-138.82,-41.99,0.79687452790133
-143.83,-39.26,0.797350118212731
-139.33,-44.81,0.797917896030671
-144.18,-44.89,0.798069830743638
-138.87,-47.49,0.797366975102431
-140.55,-49.65,0.798005960589796
-137.18,-51.84,0.797229320877253
-138.72,-51.71,0.7977741000518
-133.57,54.98,0.797110436537418
-137.13,53.91,0.796937595785545
-139.95,52.82,0.796888219933113
-145.25,51.41,0.797065152052145
-141.86,51.13,0.797104873766156
-138.04,50.62,0.796773993964195
-139.36,48.31,0.796800162207276
-140.58,45.49,0.797425308020999
-135.17,44.27,0.797177469342223
-135.96,41.14,0.796916376213028
-136.33,37.72,0.797243409745904
-139.1,34.72,0.797291170722082
-139.44,31.24,0.797163471855955
-140.35,27.67,0.797634347373794
-134.51,24.16,0.797447632644342
-136.29,20.04,0.797415537149172
-132.36,16.17,0.797370113486544
-138.67,12.5,0.797141036639992
-129.38,6.95,0.797830543649517
-133.37,3.4,0.797750077773126
-132.72,-2.17,0.797876494366464
-132.99,-7.92,0.798228085805788
-133.68,-13.99,0.797686308224281
-130.72,-16.98,0.797985825002434
-132.73,-22.92,0.797590205896749
-135.81,-25.98,0.79786129629713
-130.16,-29.66,0.797876202366286
-135.84,-32.43,0.797587342175637
-129.88,-35.9,0.797862961860239
-131.51,-38.92,0.797694937315991
-132.96,-41.79,0.797396975682844
-133.67,-44.71,0.79683736162684
-129.12,-47.92,0.796822654891334
-134.12,-47.4,0.796627447336961
-133.24,-50.08,0.796753895337133
-133.38,-52.87,0.796947405936828
-127.41,-55.53,0
-132.06,-54.29,0.796563966313855
-127.01,56.12,0.797125284996977
-131.1,55.32,0.797167189409286
-134.26,54.05,0.796982709496415
-136.41,52.65,0.796705297940038
-133.03,52.21,0.796969337599723
-134.35,49.98,0.796823229785183
-130.19,49.08,0.796976154017863
-130.12,46.29,0.796977879511275
-130.41,43.18,0.796885015515592
-130.69,39.78,0.796867478539873
-127.7,37.49,0.797200007716828
-131.84,35.3,0.797187875684981
-132.34,32.02,0.797280742753027
-132.86,28.31,0.797261865659113
-127.94,25.27,0.797088998673265
-129.39,20.91,0.797001840409066
-125.87,17.74,0.797172949026305
-130.94,12.17,0.797131926561507
-124.32,4.32,0.79789365607553
-128.79,0.73,0.798042146343372
-124.07,-2.68,0.798190168488373
-127.84,-5.83,0.798112672120176
-125.07,-13.69,0.798050729167383
-127.43,-20.35,0.798107704498973
-124.98,-23.72,0.797843833017907
-128.02,-26.61,0.797426076178367
-123.62,-30.31,0.797491072208376
-128.46,-33.01,0.797616048378565
-123.53,-36.45,0.797327019374752
-125.48,-39.45,0.797228341066428
-126.96,-42.42,0.796890632641236
-128.36,-45.18,0.796615662830129
-124.6,-51.09,0.796676146064682
-128.98,-50.57,0.796601450589282
-124.47,-53.38,0
-127.79,-53.28,0.796430476061532
-124.73,-56.1,0
-128.79,-55.28,0
-123.18,56.69,0.797001734836544
-128.56,55.31,0.7971389100552
-123.7,55.46,0.796516793450011
-128.78,53.92,0.797155978912719
-125.94,53.47,0.796532473737707
-129.78,51.62,0.796654513615294
-125.93,50.71,0.796679479317625
-125.69,48.11,0.796584352226686
-125.28,45.32,0.7969306790573
-125.65,41.98,0.796735372603105
-121.58,40.05,0.797561593419223
-122.98,35.7,0.797171900013365
-125.43,32.74,0.797435725630741
-126.41,29.25,0.797520210163773
-120.87,26.62,0.797294463682881
-122.73,22.42,0.797182853654335
-124.37,14.22,0.797677765251545
-125.43,10.11,0.797226885129123
-119.69,7.5,0.797405432037614
-120.2,0.77,0.797863184917269
-116.74,-2.86,0.798134464725244
-120.85,-7.25,0.798163435634647
-117.8,-14.34,0.798127867226052
-123.01,-17.49,0.798185964183324
-119.69,-21.42,0.79757750460604
-120.71,-27.18,0.797538763348241
-116.93,-31.33,0.797256916903752
-120.97,-33.87,0.797575143275598
-119.11,-39.95,0.797311209389971
-121.16,-42.68,0.796792518699022
-123.2,-45.59,0.796630347380875
-124.4,-48.42,0.796787621057046
-119.56,-51.5,0
-119.74,-54.16,0.796309388526646
-118.99,-56.68,0.796393279964141
-122.62,-55.97,0.796393279964141
-118.6,-58.73,0
-121.82,-58.16,0
-117.44,57.71,0.797138081945298
-124.98,56.2,0.797001734836544
-119.44,56.51,0.796613939608673
-120.17,55.09,0.797128683224462
-116.94,54.36,0.796986372023595
-122.85,52.81,0.797072964679602
-119.54,52.05,0.797780708677429
-120.74,49.67,0.79698346770078
-119.62,46.98,0.797270449521374
-119.56,44.12,0.797134879254062
-115.72,42.06,0.797479449561881
-117.56,38.19,0.797294456274982
-117.09,33.89,0.797657717511247
-119.37,30.52,0.797328392868378
-116.14,23.53,0.797657717511247
-118.53,19.05,0.797938666025239
-116.97,15.61,0.79804902975838
-117.71,11.61,0.797860520838369
-112.44,8.46,0.798244300076409
-116.17,3.98,0.798382098330248
-113.82,-6.08,0.798017120880515
-120.28,-10.49,0.798237125361792
-112.04,-16.48,0.797978640622501
-115.98,-18.94,0.797847723551115
-111.85,-22.59,0.797820627803682
-116.28,-24.93,0.797407450780501
-110.83,-32.29,0.796488917838972
-116.08,-37.43,0.79739458063028
-114.97,-43.12,0
-117.04,-45.98,0.796280966482942
-113.2,-49.04,0
-114.7,-51.73,0
-110.59,-54.42,0
-115.45,-54.36,0
-115.57,-56.82,0
-115.86,-59,0
-112.83,-60.25,0
-116.12,-60.04,0
-108.8,59.34,0.797059556558527
-113.83,58.06,0.797213020902627
-112.41,57.57,0.797122813036748
-115.63,56.25,0.797403570954932
-112.05,55.6,0.797739949931182
-114.03,53.21,0.7976753540543
-110.41,52.01,0.797434046425303
-115.58,50.68,0.797239711957867
-113.91,48.5,0.797305628768281
-113.7,45.72,0.797586398998364
-111.12,40.54,0.797628190795681
-112.22,36.89,0.797528978531411
-112.27,31.64,0.797704882726263
-113.76,27.83,0.797547563772126
-109.28,25.18,0.797649404027266
-111.65,20.61,0.798196599684754
-110.63,17.12,0.798020098362251
-110.68,12.87,0.797654910164553
-109.23,4.99,0.797619437921072
-112.11,0.53,0.79810662929213
-109.03,-2.67,0.797902578276157
-112.8,-9.69,0.797794727830745
-110.88,-12.76,0.797778994119411
-107.66,-20.06,0.797326361096439
-107.81,-25.53,0.796822262458598
-107.56,-28.6,0.796194063788156
-113.22,-35.07,0.797158492769805
-112.42,-40.64,0.796437466513443
-108.89,-43.93,0
-111.49,-46.45,0
-107.53,-49.63,0
-109.53,-52.05,0
-105.94,-54.9,0
-111.42,-56.74,0
-108.02,-59.06,0
-112.58,-58.89,0
-107.86,-62.11,0
-111.18,-61.64,0
-102.79,60.14,0.796805800692638
-106.01,59.31,0.796211359617738
-107,58.59,0.797006396466143
-109.89,57.24,0.796968932159175
-106.64,56.41,0.797369619972692
-108.74,54.39,0.797595139992637
-104.93,53.03,0.796919260445013
-108.12,50.01,0.797308470678333
-107.54,47.4,0.797350230462563
-109.79,44.01,0.797529788748988
-105.48,39.04,0.797291684460945
-107.95,34.71,0.797474274862852
-103.45,32.72,0.797522068631252
-107.02,29.37,0.797543180513835
-103.15,26.39,0.797584183883833
-105.31,22.12,0.797858825024584
-104.47,14.94,0.797760626137409
-105.89,10.12,0.798155151147871
-102.6,6.77,0.797691343080826
-105.35,2.25,0.797539100774302
-106.07,-6.16,0.797875095378647
-105.12,-9.57,0.79710015038222
-104.06,-13.31,0.796837056885587
-104.88,-16.79,0.797013507044833
-103.45,-23.02,0.796904352554249
-104.85,-32.04,0
-105.56,-35.69,0
-109.07,-38.29,0
-105.8,-41.56,0
-105.25,-47.24,0
-101.5,-50.83,0
-103.91,-52.73,0
-100.37,-55.59,0
-106.48,-57.22,0
-103.2,-59.49,0
-108.43,-60.9,0
-104.23,-62.72,0
-106.01,-62.74,0
-97.25,60.72,0.796406045692816
-103.24,59.85,0.796300176570614
-100.46,59.37,0.796833827485874
-103.93,58.4,0.796772387215914
-101.88,57,0.796825458840929
-103.16,55.11,0.796523765836771
-99.3,53.62,0.796596387530274
-102.38,51.07,0.796861990205931
-101.22,48.84,0.797305063180565
-103.52,45.65,0.797391115308332
-99.12,40.93,0.79695963260485
-101.86,36.89,0.79701331272912
-97.36,33.16,0.796508794115309
-99.88,29.7,0.797136103774964
-98.74,23.44,0.797119369682828
-103.53,18.76,0.797765997824703
-97.54,15.53,0.796930531650334
-99.67,11.95,0.797655373521632
-98.38,4.64,0.796471912196481
-102.8,-1.07,0.797318626555269
-100.04,-5.09,0
-98.77,-9.39,0
-98.53,-16.86,0.796219955949774
-99.89,-20.23,0
-99.37,-25.78,0
-100.7,-28.79,0
-100.05,-34.88,0
-102.24,-38.77,0
-100.21,-41.93,0
-102.93,-44.88,0
-100.07,-48.46,0
-97.95,-54.06,0
-96.4,-57.97,0
-101.8,-57.55,0
-99.05,-61.33,0
-104.35,-61.15,0
-99.56,-64.19,0
-100.45,-64.29,0
-92.54,61.32,0.796428845070251
-97.49,60.41,0.796631752058846
-95.03,59.99,0.796437039758698
-99.44,58.62,0.796772387215914
-96.68,57.53,0.79638300816869
-97.83,55.81,0.796452544615765
-93.89,54.69,0.796397116938668
-96.33,52.02,0.796266269526743
-97.25,47.29,0.796942030736894
-98.52,44.29,0.796648480516612
-95.23,40.03,0.796671131755721
-96.92,36.5,0.797005462595544
-93.28,30.56,0.797334836263251
-95.81,26.8,0.796636881908333
-93.47,22.47,0.796225327024146
-97.07,19.18,0.79720651932095
-92.1,15.12,0
-96.66,9.22,0.796651031815599
-97.1,1.61,0
-96.27,-2.23,0.796114163592135
-94.16,-7.28,0
-97.48,-12.93,0
-92.75,-15.4,0
-95.02,-23.41,0
-94,-28.22,0
-98.42,-31.82,0
-92.99,-37,0
-97.2,-38.38,0
-94.23,-44.31,0
-97.15,-45.92,0
-94.08,-50.08,0
-95.19,-52.52,0
-92.29,-60.36,0
-98.24,-59.78,0
-94.73,-63.29,0
-100.77,-62.54,0
-91.5,-65.91,0
-96.87,-65.67,0
-89.89,61.57,0
-93.29,61.05,0.796378955987451
-90.61,60.74,0.796635919926628
-93.88,59.15,0.796435737298847
-90.68,58.43,0.796234827155839
-92.41,56.75,0.796742641210013
-90.95,53.3,0.796685133383918
-94.85,50.22,0.796397770941879
-90.37,49.55,0.796120057053116
-91.92,46.86,0.796212050886373
-89.51,42.76,0.796233257755807
-90.26,39.15,0.796348422716094
-88.87,33.11,0
-90.35,27.45,0.796389517910837
-87.93,24.66,0
-90.79,19.34,0
-90.98,12.25,0
-91.9,7.77,0
-90.51,4.84,0
-90.59,1.22,0
-90.47,-5.33,0
-91.22,-11.63,0
-89.53,-18.63,0
-93.21,-20.47,0
-89.91,-26.42,0
-92.11,-34.07,0
-87.37,-38.35,0
-93.3,-41.68,0
-88.26,-46.39,0
-91.2,-48.51,0
-89.08,-53.48,0
-93.18,-56.98,0
-88.88,-59.59,0
-93.48,-61.88,0
-88.78,-63.98,0
-96.03,-64.13,0
-87.95,-67.54,0
-92.26,-66.83,0
-83.32,62.11,0
-86.47,61.5,0
-85.05,60.89,0
-89.31,60,0.796499048764992
-86.77,57.71,0
-88.45,55.81,0
-85.05,54.72,0
-87.94,52.12,0
-85.11,49.58,0
-87.12,46.45,0.796117365174084
-85.19,41.59,0
-86.2,37.78,0
-83.44,34.7,0
-86.1,30.44,0
-85.71,22.16,0
-86.33,17.54,0
-83.57,14.95,0
-86.6,10.69,0
-85.25,5.13,0
-89.41,-1.94,0
-83.99,-5.04,0
-87.66,-9.57,0
-85.06,-16.86,0
-87.24,-23.7,0
-84.6,-28.88,0
-91.24,-31.05,0
-85.21,-34.89,0
-88.87,-41.83,0
-84.69,-45.54,0
-86.5,-51.46,0
-83.25,-54.9,0
-90.42,-55.75,0
-85.06,-59.59,0
-87.42,-62.74,0
-82.89,-65.29,0
-89.78,-65.16,0
-86.44,-68.49,0
-90.03,-67.65,0
-79.26,62.66,0
-81.37,61.71,0
-78.24,61.66,0
-85.63,59.41,0
-81.63,58.96,0
-82.42,57.08,0
-80.46,54.81,0
-82.92,52.52,0
-81.22,48.73,0
-83.5,45.27,0
-80.29,41.59,0
-80.64,38.49,0
-78.6,35.04,0
-83.08,27.36,0
-79.87,23.78,0
-81.12,19.89,0
-79.52,14.26,0
-82.87,9.3,0
-81.55,2.63,0
-84.08,-0.3,0
-82.59,-8.25,0
-85.38,-13.69,0
-79.68,-14.91,0
-83.55,-22.23,0
-80.53,-26.83,0
-84.21,-31.94,0
-81.42,-38.17,0
-83.35,-41.43,0
-79.87,-45.67,0
-83.6,-49.56,0
-79.66,-53.18,0
-84.49,-57.39,0
-79.98,-62.06,0
-83.39,-62.84,0
-83.83,-66.51,0
-80.8,-68.75,0
-81.87,-69.35,0
-83.53,-69.66,0
-74.51,62.96,0
-77.55,62.4,0
-74.57,62.33,0
-76.88,60.48,0
-76.85,59.21,0
-78.12,57.12,0
-75.95,54.68,0
-78.52,51.92,0
-76.63,48.42,0
-79.05,45.24,0
-75.11,43.57,0
-75.43,39.64,0
-75.3,32.48,0
-77.82,27.03,0
-74.15,22.81,0
-76.59,18.81,0
-76.55,11.84,0
-78.87,7.1,0
-76.17,2.42,0
-79.22,-2.48,0
-76.41,-6.33,0
-78.94,-10.89,0
-76.07,-17.9,0
-79.96,-20.36,0
-76.78,-29.96,0
-78.29,-33.55,0
-76.95,-37.07,0
-77.91,-43.02,0
-75.1,-48.3,0
-78.76,-50.01,0
-77.22,-56.28,0
-79.09,-58.81,0
-76.76,-61.59,0
-78.28,-65.09,0
-76.51,-67.08,0
-78.89,-68.12,0
-76.1,-70.67,0
-79.28,-70.33,0
-69.07,63.34,0
-72.65,62.96,0
-70.18,62.42,0
-72.91,61.45,0
-70.93,60.27,0
-73.22,56.7,0
-71.32,54.25,0
-74.58,51.67,0
-71.14,50,0
-72.91,46.81,0
-71.16,42.42,0
-73.25,37.19,0
-70.05,34.53,0
-73.21,29.69,0
-71.78,25.73,0
-72.97,16.82,0
-71.62,12.14,0
-74.16,7.27,0
-71.02,3.86,0
-74.35,-1.66,0
-71.92,-7.19,0
-74.19,-11.91,0
-71.46,-16.17,0
-72.6,-21.32,0
-73.14,-27.38,0
-72.64,-33.8,0
-70.62,-38.65,0
-74.71,-40.86,0
-70.24,-50.05,0
-73.67,-52.94,0
-72.46,-55.98,0
-73.07,-59.58,0
-71.58,-63.61,0
-74.54,-64.88,0
-72.74,-68.7,0
-74.88,-69.96,0
-71.6,-71.85,0
-74.28,-71.71,0
-64.58,63.65,0
-67.92,63.1,0
-65.44,62.52,0
-67.96,61.43,0
-66.96,59.62,0
-68.05,57.73,0
-67.45,55.78,0
-68.21,52.75,0
-66.16,50.06,0
-68.58,46.48,0
-66.71,42.6,0
-68.19,38.8,0
-65.69,34.72,0
-68.17,30.33,0
-67.38,23.56,0
-69.31,19.76,0
-67.64,14.69,0
-68.33,8.73,0
-66.72,2.67,0
-69.51,-1.79,0
-67.41,-6.94,0
-68.79,-12.18,0
-67.12,-17.94,0
-69.17,-23.59,0
-67.56,-28,0
-69.39,-31.77,0
-67.19,-37.26,0
-69,-43.25,0
-66.97,-47.94,0
-68.08,-53.93,0
-67.32,-57.38,0
-69.51,-60.6,0
-67.44,-64.28,0
-70.84,-66.77,0
-68.55,-68.81,0
-70.13,-70.78,0
-67.83,-72.14,0
-68.8,-72.69,0
-60.17,64.02,0
-63.57,63.36,0
-61.54,62.73,0
-63.71,61.18,0
-61.91,59.86,0
-63.31,57.97,0
-62.51,55.83,0
-63.63,53.43,0
-62.22,49.63,0
-64.45,46.14,0
-61.48,42.76,0
-63.28,39.04,0
-61.87,33.24,0
-65.04,28.28,0
-62.79,23.98,0
-64.38,18.49,0
-62.77,13.78,0
-64.51,8.77,0
-62.01,3.92,0
-64.49,-2.24,0
-62.28,-7.46,0
-64.21,-12.15,0
-62.76,-17.55,0
-64.69,-22.62,0
-63.12,-28.26,0
-64.15,-33.22,0
-62.71,-38.63,0
-64.93,-42.79,0
-63.09,-48.31,0
-64.12,-52.62,0
-62.56,-57.13,0
-64.93,-60.44,0
-63.36,-63.75,0
-65.92,-66.98,0
-63.8,-69.68,0
-65.78,-70.9,0
-63.53,-72.76,0
-65.06,-73.21,0
-55.9,64.31,0
-59.48,63.74,0
-57.36,63.38,0
-59.37,62,0
-57.9,60.36,0
-58.62,58.05,0
-58.05,55.96,0
-59.63,52.75,0
-57.31,49.99,0
-59.86,46.47,0
-57.17,42.72,0
-59.56,37.69,0
-57.51,33.19,0
-60.1,28.69,0
-57.86,24.42,0
-59.85,19.69,0
-58.12,14.56,0
-59.42,9.63,0
-58.27,3.83,0
-60.15,-1.91,0
-57.4,-7.27,0
-59.62,-12.78,0
-58.21,-18.53,0
-60.41,-23.28,0
-58.99,-28.91,0
-60.2,-34.38,0
-58.11,-39.66,0
-60.93,-43.9,0
-58.76,-48.44,0
-60.14,-53,0
-58.51,-57.23,0
-60.21,-61.22,0
-59.14,-65.24,0
-61.83,-67.46,0
-59.39,-70.02,0
-61.28,-71.67,0
-59.44,-73.38,0
-61.11,-74.02,0
-51.75,64.55,0
-53.91,64.04,0
-51.26,63.47,0
-54.86,61.74,0
-52.16,60.77,0
-54.82,58.99,0
-53.58,56.51,0
-55.56,53.87,0
-53.3,50.32,0
-55.31,46.57,0
-52.86,42.59,0
-55.69,38.68,0
-53.17,33.86,0
-55.3,28.68,0
-52.67,24.65,0
-55.3,19.93,0
-53.83,14.43,0
-54.87,8.72,0
-53.58,2.83,0
-55.73,-1.98,0
-53.26,-7.89,0
-55.43,-13.27,0
-54.06,-19.27,0
-56.09,-24.44,0
-54.58,-30.01,0
-55.83,-34.46,0
-54.12,-39.47,0
-56.27,-44.61,0
-54.31,-49.21,0
-55.97,-52.97,0
-54.49,-57.61,0
-56.44,-61.84,0
-54.9,-65.2,0
-57.12,-68,0
-55.31,-70.84,0
-56.9,-72.62,0
-55.34,-74.3,0
-57.29,-74.67,0
-47.66,64.73,0
-50.04,64.25,0
-47.25,63.6,0
-50.06,62.4,0
-48.21,60.63,0
-50.68,58.5,0
-49.2,56.14,0
-51.45,53.51,0
-49.06,50.78,0
-51.07,46.75,0
-49.12,42.47,0
-51.41,38.03,0
-48.15,34.17,0
-50.87,30.03,0
-48.83,24.51,0
-51.01,19.29,0
-49.12,14.28,0
-51.02,8.55,0
-49.08,3.12,0
-51.07,-2.09,0
-49.32,-8.01,0
-51.38,-14.19,0
-49.74,-19.79,0
-51.92,-24.95,0
-50.23,-30.06,0
-51.22,-35.34,0
-49.35,-40.04,0
-52.27,-44.17,0
-50.51,-48.87,0
-51.81,-54.24,0
-50.07,-58.38,0
-52.17,-61.77,0
-51.04,-66.1,0
-52.9,-68.83,0
-51.06,-71.33,0
-52.89,-73.26,0
-51.19,-74.73,0
-52.5,-75.05,0
-43.62,64.88,0
-46.26,64.36,0
-43.25,63.84,0
-45.98,62.32,0
-44.19,60.6,0
-46.54,58.66,0
-44.35,56.79,0
-46.67,54.04,0
-45.32,50.36,0
-47.29,46.83,0
-44.8,43.28,0
-46.96,38.75,0
-43.92,34.57,0
-46.61,29.28,0
-44.63,23.9,0
-46.48,18.98,0
-44.39,14,0
-46.73,9.3,0
-45.08,3.55,0
-46.94,-2.56,0
-45.27,-8.64,0
-47.47,-13.82,0
-45.56,-19.16,0
-47.5,-24.89,0
-45.74,-29.67,0
-47.25,-34.67,0
-45.38,-40.08,0
-47.92,-45.04,0
-45.63,-49.42,0
-48.3,-52.74,0
-45.75,-60.23,0
-48.59,-63.28,0
-46.53,-66.78,0
-48.52,-69.15,0
-46.89,-71.86,0
-48.85,-73.66,0
-47.16,-75.13,0
-47.88,-75.76,0
-39.54,64.91,0
-42.05,64.46,0
-39.12,63.91,0
-42.07,62.66,0
-40.44,61.24,0
-41.71,58.79,0
-40.22,56.3,0
-42.86,53.33,0
-41.29,49.96,0
-42.85,46.46,0
-39.9,42.74,0
-42.72,39.41,0
-40.19,33.87,0
-42.71,29.24,0
-40.4,24.67,0
-41.92,19.05,0
-40.29,13.65,0
-42.39,8.05,0
-40.71,2.18,0
-43.1,-2.64,0
-41.19,-8.44,0
-42.99,-14.17,0
-40.77,-18.94,0
-43.06,-23.69,0
-41.94,-29.44,0
-43.17,-35.19,0
-41.37,-39.77,0
-43.77,-44.9,0
-41.33,-49.86,0
-43.04,-53.75,0
-41.67,-59.31,0
-43.93,-63.75,0
-42.27,-67.36,0
-44.16,-70.02,0
-42.32,-72.27,0
-44.6,-73.97,0
-43.1,-75.56,0
-43.69,-76.18,0
-35.38,65.23,0
-37.56,64.66,0
-35.22,63.87,0
-37.82,62.71,0
-35.65,61.42,0
-38.22,59.68,0
-36.53,57.23,0
-38.64,53.6,0
-37.48,50.73,0
-38.7,46.5,0
-35.65,42.88,0
-38.86,38.42,0
-35.73,33.89,0
-38.14,29.54,0
-36,24.92,0
-38.03,19.62,0
-36.49,13.71,0
-38.29,7.9,0
-36.59,2.23,0
-38.81,-3.54,0
-36.45,-8.48,0
-38.63,-13.32,0
-36.76,-18.95,0
-39.17,-25.03,0
-37.11,-30.01,0
-39.14,-34.12,0
-37.7,-40.89,0
-39.83,-45.15,0
-37.57,-50.21,0
-39.66,-55.87,0
-37.31,-60.28,0
-40.02,-63.28,0
-38.41,-66.66,0
-39.59,-70.15,0
-38.22,-72.56,0
-40.51,-74.47,0
-39.25,-76.02,0
-39.99,-76.56,0
-31.64,65.33,0
-33.48,64.82,0
-31.22,64.11,0
-33.49,62.7,0
-31.32,61.18,0
-34.25,59.41,0
-31.21,56.38,0
-34.3,55.16,0
-31.63,48.97,0
-34.83,47.28,0
-32.29,43.69,0
-34.99,38.4,0
-31.22,34.56,0
-33.53,29.85,0
-32.04,24.31,0
-34.18,19.24,0
-32.62,13.46,0
-34.28,7.66,0
-32.11,2.63,0
-34.48,-2.57,0
-32.55,-8.41,0
-34.22,-14.43,0
-32.36,-19.56,0
-35.27,-24.17,0
-33.13,-28.83,0
-35.79,-36.24,0
-33.6,-40.96,0
-35.77,-45.82,0
-33.21,-50.05,0
-36.35,-54.4,0
-33.96,-59.11,0
-35.15,-63.92,0
-34.1,-67.08,0
-35.98,-69.98,0
-34.05,-72.68,0
-36.46,-74.59,0
-35.63,-76.12,0
-36.06,-76.93,0
-27.49,65.48,0
-29.46,65.1,0
-27.32,64.42,0
-29.6,63.01,0
-27.98,61.46,0
-30.73,59.11,0
-27.27,58.09,0
-27.95,55.07,0
-27.36,50.75,0
-29.24,46.5,0
-28.41,42.23,0
-31.11,39.01,0
-27.6,34.31,0
-29.77,29.05,0
-28.03,23.62,0
-30.08,18.73,0
-28.15,14.16,0
-30.07,8.81,0
-28.31,3.12,0
-30.32,-3.23,0
-28.11,-8.74,0
-30.32,-13.63,0
-28.34,-19.07,0
-30.61,-24.6,0
-28.82,-30.5,0
-30.17,-37.57,0
-28.92,-42.39,0
-31.77,-45.28,0
-29.36,-50.65,0
-32.51,-54.77,0
-27.36,-59.92,0
-30.57,-64.74,0
-29.82,-68.29,0
-31.92,-70.67,0
-29.28,-73.26,0
-32.06,-74.52,0
-28.41,-76.88,0
-32.67,-77.28,0
-23.57,65.71,0
-25.31,65.22,0
-23.61,64.55,0
-25.97,63.21,0
-23.47,62.28,0
-25.46,60.21,0
-23.88,57.21,0
-24.47,54.06,0
-23.53,50.79,0
-25.64,47.17,0
-24.53,43.59,0
-26.37,38.68,0
-23.88,33.57,0
-26.15,28.98,0
-23.72,24.65,0
-25.59,19.53,0
-24.25,14.11,0
-25.95,8.56,0
-24.19,2.9,0
-26.54,-2.6,0
-24.23,-7.99,0
-25.96,-14.31,0
-24.42,-20.55,0
-26.83,-25.29,0
-24.14,-30.76,0
-26.92,-34.51,0
-25.66,-40.54,0
-27.35,-47.55,0
-24.24,-50.86,0
-25.72,-54.68,0
-24.2,-60.42,0
-26.87,-64.71,0
-25.2,-67.76,0
-27.33,-70.84,0
-25.2,-73.95,0
-27.91,-75.23,0
-25.28,-76.93,0
-29.19,-77.6,0
-19.42,65.86,0
-21.54,65.49,0
-19.68,64.92,0
-21.29,63.62,0
-19.71,61.88,0
-21.73,60.03,0
-20.37,57.75,0
-20.92,54.52,0
-19.78,51.1,0
-21.45,47.4,0
-21.03,43.2,0
-22.82,38.74,0
-20.05,36.55,0
-21.76,29.77,0
-19.96,24.83,0
-21.61,19.35,0
-20.14,13.72,0
-21.99,8.52,0
-20.06,2.94,0
-22.33,-2.53,0
-20.21,-8.4,0
-22.41,-13.87,0
-20.97,-19.72,0
-22.78,-26.38,0
-19.28,-29.39,0
-23.13,-37.02,0
-20.73,-40.94,0
-20.87,-46.41,0
-20.42,-51.19,0
-22.06,-55.77,0
-20.56,-60.1,0
-22.89,-64.55,0
-21.13,-68.17,0
-23.79,-70.99,0
-21.37,-73.3,0
-23.28,-75.7,0
-19.65,-76.95,0
-25.06,-78,0
-15.61,66.15,0
-17.02,65.79,0
-16.22,64.87,0
-17.93,63.55,0
-15.88,62.03,0
-17.35,59.89,0
-16.73,57.44,0
-17.42,54.5,0
-15.36,51.86,0
-17.4,48.34,0
-14.17,43.55,0
-17.64,39.51,0
-15.48,34.01,0
-18.64,32,0
-14.71,23.12,0
-17.92,20.15,0
-16.62,14.36,0
-17.69,7.83,0
-15.92,1.58,0
-18.37,-3.02,0
-16.38,-9.31,0
-18.47,-14.62,0
-16.36,-19.39,0
-18.84,-23.92,0
-15.71,-30.71,0
-16.87,-36.23,0
-17.42,-41.03,0
-17.08,-46.37,0
-16.37,-51.23,0
-18.14,-55.49,0
-16.87,-60.44,0
-19.14,-64.56,0
-16.96,-67.96,0
-19.35,-71.02,0
-17,-73.71,0
-19.65,-75.47,0
-16.2,-77.23,0
-16.65,-78.2,0
-12.07,66.14,0
-13.57,65.74,0
-11.89,65.06,0
-14.07,63.91,0
-12.31,62.34,0
-13.51,60.11,0
-13.29,57.56,0
-13.14,54.5,0
-11.53,50.85,0
-13.97,47.65,0
-10.92,43.81,0
-14.42,38.66,0
-11.48,34.42,0
-13.32,29.62,0
-11.17,24.12,0
-13.7,17.52,0
-11.75,13.17,0
-14.37,8.56,0
-12.37,3.07,0
-14.28,-4.28,0
-11.66,-8.65,0
-14.1,-14.07,0
-12.64,-20.37,0
-14.93,-25.43,0
-12.19,-30.82,0
-13.5,-37.01,0
-12.26,-41.7,0
-13.96,-45.26,0
-13.18,-52.22,0
-14.35,-57.08,0
-12.51,-61.13,0
-15.18,-64.44,0
-13.13,-68.45,0
-15.51,-71.41,0
-12.89,-73.91,0
-15.18,-75.79,0
-12.49,-77.71,0
-13.7,-78.3,0
-7.78,66.33,0
-9.88,65.97,0
-8.13,65.49,0
-10.22,63.92,0
-8.75,62.17,0
-9.96,60.06,0
-6.38,58.05,0
-9.65,54.48,0
-7.38,51.65,0
-9.82,48.03,0
-7.36,43.98,0
-10.87,39.19,0
-7.72,34.53,0
-9.61,29.51,0
-7.28,25.31,0
-9.73,19.3,0
-7.86,14.39,0
-9.88,8.06,0
-8.09,2.63,0
-10.61,-2.29,0
-8.07,-8.79,0
-10.34,-14.99,0
-8.63,-20.59,0
-10.85,-25.69,0
-8.17,-30.81,0
-10.01,-35.91,0
-8.08,-40.47,0
-8.94,-45.3,0
-8.21,-52.12,0
-10.72,-56.2,0
-8.95,-60.37,0
-11.24,-65.2,0
-8.94,-68.88,0
-11.4,-71.23,0
-9.22,-73.99,0
-11.25,-76.28,0
-8.84,-77.64,0
-10.17,-78.39,0
-3.87,66.45,0
-5.39,66.02,0
-4.12,65.37,0
-7.13,64.31,0
-2.74,61.88,0
-6.12,60.4,0
-3.04,57.2,0
-5.89,54.91,0
-3.78,51.2,0
-6.03,47.95,0
-3.65,44.18,0
-3.96,39.62,0
-3.6,35.19,0
-5.54,30.6,0
-3.68,25.08,0
-5.99,19.83,0
-3.87,14.37,0
-6.2,9.14,0
-4.5,3.15,0
-6.61,-3.31,0
-4.13,-8.94,0
-6.47,-14.84,0
-4.6,-20.18,0
-6.64,-25.82,0
-4.06,-30.97,0
-5.76,-36.03,0
-4.24,-41.41,0
-5.54,-46.61,0
-4.9,-51.41,0
-6.72,-56.52,0
-5.45,-62.08,0
-7.8,-65.17,0
-4.95,-68.26,0
-7.07,-71.64,0
-5.11,-74.21,0
-7.48,-76.17,0
-5.28,-77.73,0
-6.72,-78.45,0
-0.07,66.49,0
-1.53,66.01,0
-0.25,65.31,0
-3.1,64.16,0
1.12,62.01,0
-2.03,59.89,0
0.54,57.98,0
-2.01,54.26,0
0.17,51,0
-1.92,47.87,0
0.08,43.67,0
-0.19,39.42,0
0.2,34.82,0
-1.85,30.11,0
0.15,24.76,0
-2.07,19.72,0
-0.04,14.16,0
-2.27,8.54,0
-0.43,2.62,0
-2.73,-2.5,0
-0.53,-8.15,0
-2.41,-14.78,0
-0.34,-20.46,0
-2.7,-25.42,0
-0.47,-31.19,0
-1.95,-36.9,0
-0.24,-42.15,0
-1.98,-46.58,0
-0.19,-50.79,0
-2.14,-54.51,0
-0.47,-61.15,0
-2.83,-64.94,0
-0.89,-68.7,0
-3.36,-71.35,0
-1.52,-74.29,0
-3.77,-76.35,0
-1.46,-77.9,0
-3.18,-78.57,0
3.76,66.57,0
1.89,66.09,0
4.26,65.55,0
2.66,64.49,0
4.04,62.57,0
2.51,59.9,0
5.23,58.46,0
1.51,54.78,0
3.41,50.89,0
2.1,47.11,0
4.21,43.85,0
3.46,39.58,0
4.09,34.91,0
1.94,29.89,0
3.97,25.06,0
1.78,19.56,0
3.76,13.89,0
1.53,8.4,0
3.51,3.27,0
1.6,-2.79,0
3.2,-9.42,0
1.27,-14.76,0
3.81,-20.49,0
1.3,-25.93,0
3.48,-31.42,0
1.64,-36.61,0
3.38,-41.81,0
2.44,-46.97,0
3.31,-52.5,0
1.43,-56.69,0
3.32,-59.98,0
1.08,-64.74,0
2.81,-68.33,0
0.59,-71.83,0
2.19,-74.54,0
-0.3,-76.46,0
1.93,-77.76,0
0.92,-78.56,0
8.13,66.77,0
5.73,66.37,0
7.93,65.31,0
6,64.09,0
8.46,62.55,0
6.3,60.96,0
8.57,58.59,0
7.55,55.41,0
9.64,51.24,0
6.3,47.5,0
8.05,44.03,0
6.98,39.39,0
8.14,34.88,0
5.77,30.59,0
7.53,25.29,0
5.51,19.65,0
7.59,15.05,0
5.83,8.89,0
7.21,2.76,0
5.16,-3.21,0
7.02,-8.82,0
5.35,-15.04,0
8.01,-20.2,0
5.28,-25.75,0
7.37,-31.17,0
5.64,-36.4,0
7.01,-41.57,0
5.78,-47.59,0
7.39,-51.73,0
5.86,-55.83,0
6.64,-61.63,0
4.8,-64.9,0
6.74,-68.63,0
4.21,-71.57,0
5.82,-73.92,0
3.67,-76.53,0
5.47,-77.95,0
4.9,-78.5,0
12.82,66.62,0
8.53,66.11,0
11.76,65.31,0
10.2,64.1,0
12.49,62.59,0
10.49,60.72,0
12.12,58.15,0
10.59,55.32,0
12.87,51.98,0
10.22,47.51,0
12.28,43.74,0
10.42,40.14,0
11.69,35.37,0
9.54,30.01,0
11.74,25.44,0
9.48,20.68,0
11.23,14.62,0
9.47,8.8,0
11.09,2.96,0
9.04,-2.92,0
11.31,-8.38,0
9.28,-14.07,0
11.62,-20.43,0
9.18,-25.84,0
11.18,-31.44,0
9.5,-36.63,0
11.26,-41.47,0
9.33,-45.87,0
11.38,-49.61,0
8.87,-58.05,0
11.52,-60.88,0
9.06,-64.74,0
10.26,-68.78,0
8.17,-71.6,0
9.7,-74.66,0
6.89,-76.19,0
8.75,-77.63,0
9.2,-78.55,0
16.51,66.71,0
13.65,66.13,0
16.53,65.31,0
14.23,64.34,0
15.95,62.56,0
14.25,60.41,0
16.08,57.95,0
14.16,55.41,0
16.38,51.91,0
13.73,48.17,0
15.76,44.04,0
14.08,39.3,0
15.75,34.63,0
13.29,30.64,0
15.36,25.58,0
13.34,19.75,0
14.99,14.07,0
13.34,8.67,0
15.08,2.59,0
13.03,-2.95,0
15.44,-8.59,0
13.06,-14.17,0
15.16,-20.19,0
13.2,-26.29,0
15.38,-31.18,0
13.4,-36.25,0
14.64,-42.24,0
14.28,-46.98,0
15.45,-51.75,0
13.76,-56.25,0
14.96,-60.83,0
12.76,-65.13,0
15.19,-67.63,0
13.29,-70.53,0
16.02,-73.08,0
14.39,-76.7,0
16.16,-77.6,0
14.23,-78.24,0
20.14,66.61,0
16.66,66.3,0
19.63,65.59,0
18.26,64.13,0
19.79,62.31,0
17.82,60.49,0
19.75,58.19,0
17.92,54.98,0
19.96,51.27,0
17.29,48,0
19.35,43.94,0
17.64,39.64,0
19.59,35.64,0
17.49,30.15,0
19.17,25.35,0
16.76,19.98,0
18.73,13.35,0
17.23,8.34,0
19.01,2.85,0
17.05,-3.28,0
19.83,-8.78,0
17.03,-14.2,0
19.08,-20.06,0
17.2,-25.63,0
18.99,-31.33,0
16.93,-37.16,0
18.7,-41.81,0
18.17,-46.67,0
18.97,-51.5,0
17.41,-56.44,0
18.84,-60.93,0
17.26,-64.5,0
19.32,-67.97,0
17.77,-70.78,0
20.27,-73.08,0
17.8,-75.18,0
20.3,-77.37,0
18.48,-78.13,0
23.75,66.48,0
21.05,66.19,0
23.26,65.32,0
21.57,64.22,0
23.32,62.61,0
21.98,60.53,0
23.4,57.71,0
21.21,55.17,0
23.39,52.19,0
21.27,47.73,0
23.3,44.23,0
21.6,39.99,0
23.42,35.06,0
21.12,30.93,0
23.46,27.1,0
20.15,18.67,0
23.27,14.03,0
21.56,9.14,0
22.53,3.16,0
21.06,-2.95,0
23.59,-8.29,0
21.03,-14.61,0
23.31,-20.13,0
20.96,-25.49,0
22.87,-30.67,0
20.83,-36.23,0
22.49,-41.77,0
21.85,-46.79,0
22.6,-51.58,0
21,-56.26,0
22.79,-60.16,0
21.69,-64.28,0
23.19,-67.64,0
22.24,-70.86,0
24.82,-73.19,0
22.26,-74.9,0
24.78,-77.26,0
22.58,-77.9,0
27.22,66.56,0
24.88,66.17,0
27.06,65.37,0
25.54,64.24,0
27.12,62.62,0
25.27,60.52,0
26.91,57.97,0
25.37,54.95,0
27.26,51.53,0
24.81,48.76,0
26.77,45.42,0
25.04,39.9,0
26.93,35.47,0
26.03,30.66,0
26.9,24.43,0
25.32,18.26,0
27.56,13.41,0
25.44,8.17,0
26.95,2.69,0
25.2,-2.22,0
27.16,-8.74,0
24.71,-14.54,0
27.53,-19.06,0
25.03,-25.06,0
26.57,-30.48,0
24.41,-36.08,0
25.83,-41.2,0
25.49,-47.19,0
27.05,-51.22,0
24.83,-55.37,0
26.35,-60.03,0
25.73,-64.09,0
27.56,-67.46,0
26.01,-70.43,0
28.05,-73.34,0
27.3,-75.37,0
28.74,-76.62,0
26.93,-77.4,0
30.76,66.43,0
28.73,66.11,0
30.7,65.3,0
29.17,64.05,0
31.12,62.38,0
28.95,60.5,0
30.54,57.89,0
29.09,55.07,0
30.84,52.11,0
29.44,48.15,0
31.49,44.26,0
29.97,37.81,0
31.38,33.76,0
29.35,29.82,0
31.19,25.57,0
28.77,20.53,0
31.04,14.69,0
29.46,8.19,0
31.11,2.99,0
29.11,-3.3,0
31.2,-8.94,0
29.25,-14.22,0
31.5,-20.65,0
28.79,-24.79,0
30.58,-29.82,0
28.2,-35.37,0
29.45,-40.03,0
28.63,-45.4,0
30.94,-51.87,0
28.63,-55.89,0
30.47,-59.81,0
29.74,-63.72,0
31.28,-67.44,0
29.95,-70.76,0
32.32,-72.99,0
30.87,-74.85,0
32.05,-76.41,0
30.75,-77.18,0
34.39,66.32,0
32.51,66.15,0
34.57,65.17,0
32.84,64.06,0
34.93,62.59,0
32.61,60.49,0
33.84,57.66,0
33.32,54.45,0
34.98,51.24,0
32.86,48.02,0
35.65,44.2,0
32.88,40.54,0
34.56,35.45,0
33.82,29.54,0
35.18,24.16,0
32.68,20.3,0
34.12,14.5,0
33.32,8.07,0
35.56,2.61,0
32.71,-2.48,0
35.11,-8.05,0
33.23,-14.32,0
35.04,-19.62,0
33.52,-26.06,0
35.55,-30.23,0
32.12,-34.3,0
37.25,-40.69,0
31.62,-47.59,0
34.94,-50.99,0
32.9,-55.83,0
34.3,-60.13,0
33.64,-64.25,0
35.69,-66.77,0
33.63,-70.11,0
36.03,-72.76,0
34.65,-74.85,0
35.94,-76.04,0
34.66,-76.72,0
38.29,66.33,0
36.35,66.14,0
38.26,65.21,0
36.85,63.9,0
39.28,62.39,0
36.34,60.85,0
40.14,57.51,0
36.86,55,0
39.12,51.8,0
36.96,48.27,0
38.88,43.7,0
36.56,39.05,0
38.85,34.76,0
36.95,30.63,0
38.63,24.99,0
36.93,18.94,0
38.39,14.08,0
36.63,9.1,0
39.2,4.2,0
36.89,-2.69,0
39.29,-7.79,0
37,-13.37,0
39,-19.2,0
37.45,-24.53,0
39.78,-29.8,0
38.37,-34.29,0
40.61,-40.92,0
37.92,-46.27,0
38.69,-50.31,0
36.55,-55.16,0
38.57,-58.83,0
37.76,-62.44,0
39.22,-67.31,0
37.49,-70.05,0
39.51,-72.44,0
38.22,-74.75,0
40.46,-75.7,0
38.43,-76.41,0
41.85,66.32,0
40.18,65.97,0
42.26,65.08,0
40.72,64.16,0
43.15,62.42,0
40.65,60.52,0
43.17,58.58,0
40.37,54.81,0
43.1,51.33,0
40.78,48.17,0
42.64,44.87,0
40.51,39.56,0
42.39,35.26,0
40.79,29.81,0
42.13,24.24,0
40.59,19.16,0
43.11,14.82,0
41.14,9.87,0
43.04,4.89,0
40.84,-1.11,0
42.89,-7.25,0
40.84,-13.96,0
43.22,-18.53,0
41.39,-24.31,0
43.53,-30.15,0
41.96,-36.29,0
44.54,-41.39,0
41.89,-45.9,0
43.01,-51.08,0
40.65,-54.4,0
42.67,-58.09,0
40.56,-63.93,0
43.42,-66.42,0
41.65,-70.05,0
43.68,-72.23,0
41.93,-73.97,0
44.06,-75.08,0
42.33,-76.09,0
45.61,66.17,0
43.91,65.88,0
46.24,65.01,0
44.9,63.8,0
47.17,62.35,0
44.92,60.48,0
48.14,58.32,0
44.65,54.26,0
47.35,51.43,0
45.29,48.08,0
46.77,44.35,0
44,40.81,0
46.44,33.3,0
44.32,29.72,0
46.34,25.21,0
44.98,20.16,0
46.9,15.3,0
45.27,9.66,0
46.92,2.08,0
44.54,-1.8,0
46.99,-8.21,0
44.84,-12.72,0
47.24,-18.2,0
44.97,-23.85,0
46.96,-29.51,0
45.27,-35.07,0
47.76,-39.65,0
45.07,-46.87,0
47.82,-50.38,0
45.61,-54.31,0
47.05,-57.86,0
46.09,-63.57,0
47.9,-66.59,0
44.95,-69.07,0
47.26,-71.35,0
46.37,-73.69,0
47.87,-74.58,0
46.08,-75.75,0
48.95,66.03,0
47.52,65.83,0
50.26,65.25,0
49.08,63.91,0
51.1,62.17,0
48.95,60.29,0
51.36,57.11,0
49.66,54.31,0
51.35,51.3,0
49.4,47.91,0
51.11,43.92,0
48.85,40.77,0
50.71,36.15,0
49.16,29.88,0
50.3,25.5,0
49.16,20.49,0
51.81,16.47,0
48.51,6.5,0
51.42,2.36,0
48.94,-3.68,0
52.02,-6.63,0
49.33,-13.44,0
50.61,-20.28,0
48.91,-24.97,0
51.51,-30.62,0
49.36,-34.64,0
51.36,-41.55,0
48.78,-44.92,0
51.3,-48.74,0
49.9,-54.28,0
51.39,-58.29,0
49,-61.38,0
51.24,-65.07,0
49.33,-69.41,0
51.59,-71.37,0
50.18,-73.09,0
51.89,-74.3,0
49.75,-75.29,0
56.39,65.88,0
52.29,65.82,0
53.58,64.79,0
52.66,63.49,0
55.28,61.9,0
52.83,60.18,0
54.8,57.89,0
53.62,54.18,0
55.58,50.61,0
53.36,47.29,0
55.3,43.33,0
53.23,39.22,0
56.11,34.83,0
54.27,28.54,0
55.41,24.86,0
53.57,20.79,0
55.91,14.24,0
53.03,9.29,0
55.13,5.33,0
53.42,-1.48,0
56.08,-9.11,0
52.48,-12.31,0
54.17,-17.84,0
52.87,-26.09,0
55.92,-30.75,0
52.65,-36.13,0
55.5,-39.03,0
53.67,-45.3,0
55.55,-49.51,0
53.38,-53.04,0
54.85,-57.43,0
53.44,-62.13,0
55.44,-65.34,0
52.46,-68.08,0
55.52,-70.78,0
54.12,-73.16,0
56.08,-73.8,0
53.41,-74.7,0
57.8,66.07,0
56.18,65.5,0
58.46,64.52,0
57.26,63.64,0
58.66,62.25,0
57.06,59.8,0
59.15,56.83,0
57.46,54.84,0
58.22,51.89,0
57.31,47.23,0
59.28,43.61,0
57.08,39.51,0
60.26,35.31,0
58.06,30.88,0
59.71,23.81,0
57.56,19.03,0
60.71,15.46,0
57.83,10.67,0
59.07,4.45,0
57.66,-0.53,0
58.12,-5.39,0
57.19,-14.77,0
60.57,-16.55,0
55.53,-22.03,0
58.03,-27.52,0
57.44,-34.48,0
60.75,-37.7,0
58.52,-46.22,0
60.2,-49.63,0
57.37,-54.08,0
59.25,-57.84,0
57.06,-61.04,0
59.27,-64.14,0
59.33,-67.09,0
61.08,-69.97,0
57.73,-71.79,0
60.36,-73.15,0
57.85,-74.06,0
63.12,65.98,0
60.64,65.39,0
62.65,64.49,0
61.92,63.29,0
63.87,61.05,0
60.67,60.28,0
62.1,57.9,0
62.65,53.49,0
62.89,50.45,0
61.26,48.08,0
63.22,44.41,0
61.55,38.65,0
65.24,34.59,0
60.83,28.11,0
65.52,26.26,0
62.38,21.26,0
63.88,12.69,0
62,7.81,0
63.27,2.01,0
61.86,-3.66,0
64.63,-7.71,0
60.64,-10.8,0
63.05,-19.94,0
63.09,-25.54,0
63.34,-29.33,0
61.77,-32.51,0
63.81,-39,0
61.79,-43.2,0
64.29,-49.52,0
61.4,-53.17,0
63.36,-56.61,0
62.09,-60.66,0
63.01,-64.83,0
62.71,-67.98,0
64.21,-70.09,0
60.27,-72.38,0
64.41,-72.75,0
62.26,-73.49,0
67.82,65.8,0
65.4,65.06,0
69.33,64.42,0
66.46,63.85,0
65.34,62.31,0
65.86,58.97,0
67.12,56.68,0
64.32,55.06,0
67.24,50.96,0
65.67,46.69,0
68.36,42.58,0
64.01,40.54,0
67.73,36.8,0
63.5,31.18,0
67.43,23.87,0
65.26,18.05,0
68.68,15.71,0
66.08,8.23,0
68.67,3.46,0
65.96,-0.6,0
68.3,-5.7,0
64.66,-12.61,0
66.95,-18.73,0
67.35,-24.03,0
68.68,-30.22,0
66.04,-34.72,0
67.93,-39.72,0
64.55,-44.92,0
67.74,-45.95,0
66.4,-53.08,0
67.23,-56.95,0
65.15,-61.7,0
68.49,-63.03,0
66.77,-65.71,0
70.29,-67.96,0
64.66,-71.44,0
67.57,-71.78,0
68.4,-72.32,0
73.14,65.5,0
67.14,65.64,0
71.25,65.07,0
70.25,63.02,0
69.22,61.17,0
70.12,59.63,0
71.51,57.44,0
69.67,52.98,0
73.06,50.78,0
69.38,48.44,0
70.57,44.55,0
69.83,39.53,0
71.37,33.76,0
68.26,30.54,0
71.43,27.08,0
70.26,19.61,0
73.09,12.49,0
69.59,10.66,0
71.79,5.25,0
71.54,-1.26,0
70.75,-9.23,0
68.33,-14.28,0
72.47,-16.82,0
71.19,-21.48,0
70.74,-27.05,0
70.15,-33.79,0
72.05,-37.07,0
70.52,-41.66,0
71.74,-47.09,0
69.12,-50.46,0
72.12,-54.84,0
69.1,-58.95,0
72.29,-60.96,0
67.55,-67.56,0
74.75,-68.28,0
68.71,-69.78,0
73.81,-70.47,0
70.64,-71.58,0
77.75,65.17,0
72.1,65.5,0
75.75,64.46,0
73.24,63.64,0
73.24,61.96,0
74.62,60.24,0
75.58,58.45,0
71.05,54.89,0
76.54,52.87,0
73.6,46.55,0
75.59,42.28,0
74.16,36.87,0
77.07,33.72,0
73.8,30.29,0
75.41,25.16,0
73.28,21.39,0
75.8,14.94,0
75.74,7.43,0
76.06,2.09,0
73.97,-3.8,0
76.07,-7.99,0
73.69,-12.43,0
76.53,-18.58,0
74.8,-24.74,0
77.87,-27.39,0
74.77,-30.76,0
76.82,-38.02,0
73.65,-42.94,0
75.87,-47.67,0
72.45,-52.26,0
77.37,-54.9,0
74.52,-57.9,0
75.19,-62.32,0
74.22,-65.78,0
77.27,-66.7,0
71.54,-70.04,0
76.97,-70.42,0
74.58,-71.18,0
82.08,64.66,0
76.37,65.03,0
79.83,63.73,0
76.89,62.93,0
78.3,61.47,0
79.95,59.88,0
78.76,56.59,0
75.38,55.44,0
78.38,50.53,0
76.97,48.09,0
78.83,44.24,0
75.75,39.88,0
80.77,35.8,0
79.22,30.05,0
80.38,26.58,0
78.66,21.91,0
77.61,17.49,0
79.43,9.53,0
80.99,4.1,0
78.97,-0.78,0
80.26,-5.48,0
79.18,-11.29,0
79.48,-15.49,0
78.42,-21.77,0
80.67,-30.25,0
76.59,-34.09,0
79.33,-39.07,0
77.77,-43.54,0
81.08,-44.94,0
77.04,-50.07,0
80.19,-52.2,0
78.32,-59.28,0
81.01,-60.5,0
78.1,-63.51,0
81,-67.32,0
77.21,-69.09,0
79.78,-69.36,0
81.4,-69.88,0
84.06,64.78,0
80.74,64.42,0
85.09,63.28,0
81.9,62.52,0
83.2,61.16,0
81.61,58.08,0
84.08,55.57,0
80.81,53.97,0
83.23,51.28,0
82.13,46.22,0
83.27,42.41,0
81.32,39.1,0
85.46,35.79,0
83.55,31.67,0
83.92,24.14,0
82.79,18.33,0
84.64,14.85,0
81.67,11.92,0
84.6,6.55,0
84.03,-2.82,0
84.21,-8.06,0
84.04,-12.62,0
83.79,-18.44,0
82.88,-23.2,0
84.12,-25.97,0
82.21,-33.78,0
85.04,-35.42,0
83.36,-40.74,0
84.48,-46.21,0
82.84,-48.94,0
84.5,-53.13,0
81.36,-56.26,0
86.88,-59.24,0
83.63,-61.96,0
83.81,-65.55,0
83.52,-67.98,0
86.7,-68,0
83.37,-69.06,0
88.87,64.25,0
85.61,64.06,0
90.32,63.16,0
87.15,62.19,0
88.09,60.73,0
87.1,57.41,0
89.45,54.95,0
86.34,53.04,0
88.56,50.07,0
84.19,48.35,0
87.62,44.78,0
86.3,39.66,0
88.14,31.68,0
86.37,27.62,0
90.46,22.44,0
86.24,20.4,0
91.83,15.15,0
88.34,11.72,0
89.16,3.21,0
85.29,1.02,0
90.1,-3.44,0
89.7,-10.94,0
87.48,-15.81,0
87.94,-20.53,0
89.35,-26.44,0
86.43,-29.74,0
87.41,-37.32,0
87.2,-41.93,0
90.37,-46.66,0
87.48,-49.99,0
88.46,-53.87,0
85,-57.25,0
89.39,-60.89,0
86.49,-63.24,0
89.25,-64.5,0
86.96,-66.49,0
90.27,-66.68,0
88.29,-68.15,0
92.83,64.02,0
89.53,64,0
93.49,62.83,0
91.78,61.88,0
92.85,60.29,0
92.37,56.63,0
94.56,54.03,0
91.83,52.11,0
94.08,49.17,0
89.96,47.14,0
93.31,39.03,0
91.03,36.6,0
92.27,33.58,0
92.08,28.76,0
91.74,25.17,0
91.69,17.78,0
96.02,12.53,0
89.62,8.41,0
94.05,5.05,0
92.52,-0.66,0
96.15,-5.6,0
89.4,-7.12,0
93.88,-13.26,0
91.34,-22.67,0
94.44,-27.77,0
89.55,-31.61,0
92.76,-33.65,0
91.84,-38.76,0
95,-46.48,0
91.93,-50.18,0
94.08,-52.64,0
90.85,-56.09,0
92.44,-58.29,0
91.93,-62.49,0
94.54,-63.83,0
92.23,-65.3,0
94.85,-65.74,0
92.11,-67.02,0
98.8,63.15,0
94.66,63.4,0
98.27,62.33,0
96.08,61.43,0
97.63,59.74,0
95.13,58.31,0
97.48,55.94,0
97.17,51.26,0
99.75,48.39,0
93.77,44.27,0
96.58,41.14,0
97.92,36.1,0
98.28,32.98,0
96.94,29.91,0
98.31,25.71,0
96.4,20.03,0
99.31,16.84,0
95.82,8.91,0
100.25,4.89,0
97.39,1.28,0
99.37,-2.6,0
96.12,-9.13,0
100.24,-12.86,0
95.76,-19.62,0
100.52,-26.71,0
96.51,-30.7,0
95.59,-35.66,0
95.4,-40.05,0
96.25,-42.87,0
97.5,-49.18,0
99.27,-52.13,0
96.16,-55.23,0
97.74,-57.39,0
94.76,-60.08,0
97.03,-61.79,0
98.51,-64.25,0
99.65,-64.76,0
95.48,-66.27,0
104.16,62.44,0
98.92,62.82,0
102.14,61.83,0
100.31,60.87,0
102.31,58.95,0
99.75,57.6,0
102.57,55.12,0
100.08,53.28,0
102.86,50.41,0
100.25,43.15,0
104.2,40.62,0
100.88,38.43,0
104.05,34.84,0
102.6,27.29,0
105.34,23.09,0
99.04,22.43,0
102.02,13.95,0
101.77,9.93,0
105.3,7.04,0
103.74,1.08,0
103.56,-5.33,0
102.23,-8.96,0
100.34,-16.38,0
101.19,-21.11,0
104.15,-23.71,0
103.1,-30.07,0
101.64,-32.9,0
100.98,-36.48,0
101.05,-43,0
100.72,-45.91,0
102.64,-48.91,0
101.4,-54.56,0
103.02,-56.92,0
99.86,-59.33,0
101.41,-61.24,0
99.71,-63.03,0
104.2,-63.2,0
100.13,-64.98,0
113.91,61.18,0
109.79,61.54,0
105.73,61.23,0
104.33,60.13,0
107.1,58.15,0
104.95,56.83,0
107.83,54.3,0
105.11,52.4,0
108.42,49.47,0
107.45,43.33,0
110.15,40.13,0
106.97,37.47,0
107.94,32.31,0
103.58,30.71,0
109.45,25.24,0
104.6,19.26,0
107.54,16.41,0
107.92,12.05,0
107.83,3.85,0
106.71,-1.84,0
109.06,-7.28,0
106.83,-11.25,0
106.73,-14.7,0
105.03,-18.37,0
109.26,-21.37,0
106.65,-27.11,0
106.52,-34.27,0
101.71,-39.09,0
105.97,-40.14,0
106.3,-45.97,0
108.67,-48.32,0
105.11,-51.5,0
106.57,-53.98,0
104.51,-58.8,0
108.78,-58.4,0
105.16,-60.88,0
111.72,-59.82,0
105.64,-63.21,0
120.21,59.93,0
110.48,61.22,0
110.22,60.44,0
108.48,59.48,0
112.29,57.47,0
110.11,56.01,0
113.3,53.38,0
110.76,51.57,0
113.39,48.08,0
110.68,45.72,0
113.58,42.76,0
111.58,34.89,0
114.02,30.69,0
109.35,28.38,0
114.95,23.4,0
110.29,20.64,0
113.24,14.02,0
110.92,9.18,0
113.4,6.09,0
111.82,0.99,0
111.38,-3.99,0
112.97,-10.32,0
112.84,-14.08,0
111.55,-17.66,0
111.09,-24.41,0
109.23,-30.9,0
113.23,-32.89,0
108.85,-36.61,0
112.14,-38.98,0
107.24,-42.96,0
112.57,-45.02,0
110.56,-50.85,0
111.93,-53.16,0
108.01,-56.26,0
112.62,-57.78,0
115.83,-57.53,0
111.88,-60.84,0
108.7,-62.03,0
119.81,60.33,0
116.07,60.22,0
115.05,59.56,0
113.62,58.81,0
117.15,56.54,0
115.31,55.15,0
118.01,52.45,0
115.96,50.46,0
118.81,47.8,0
116.37,45.08,0
117.1,40.2,0
114,37.56,0
116.95,33.32,0
115.76,27.26,0
120.65,25.46,0
117.39,20.26,0
120.1,15.2,0
116.93,11.14,0
117.17,3.53,0
115.79,-1.13,0
118.86,-4.38,0
116.09,-7.31,0
118.37,-12.03,0
115.53,-20.23,0
116.81,-23.33,0
112.56,-28.17,0
117.48,-29.85,0
114.95,-35.6,0
117.57,-38.48,0
113.41,-42.02,0
117.88,-44.6,0
114.68,-47.57,0
116.77,-52.53,0
112.71,-55.38,0
119.36,-56.57,0
116.19,-58.8,0
118.99,-58.13,0
113.86,-60.38,0
125.63,59.2,0
121.14,59.21,0
119.96,58.8,0
118.66,57.91,0
122.49,55.7,0
120.39,54.21,0
123.94,52.11,0
121.58,49.93,0
122.59,45.41,0
120.26,42.64,0
122.42,39.02,0
119.41,36.5,0
122.78,33.19,0
119.99,29.67,0
122.21,22.34,0
122.91,18.18,0
123,12.24,0
119.44,7.98,0
123.34,5.25,0
121.73,1.25,0
123.67,-2.01,0
121.48,-8.99,0
123.34,-14.25,0
121.73,-18.69,0
122.67,-21.61,0
117.77,-26.45,0
119.58,-32.45,0
121.31,-35.21,0
123.7,-38.11,0
118.54,-41.54,0
124.03,-44.16,0
119.6,-47.18,0
121.1,-49.52,0
116.94,-54.99,0
120.72,-54.24,0
122.61,-55.89,0
121.93,-57.32,0
117.17,-59.29,0
123.79,59.64,0
127.33,58.45,0
126.14,57.77,0.796131925177749
123.83,57.15,0
127.54,55.35,0
126.8,53.4,0
127.55,50.02,0
125.8,47.62,0
128.11,44.32,0
125.98,41.77,0
128.83,38.81,0
126.06,35.79,0
126.81,30.8,0
125.77,27.66,0
127.89,20.69,0
127.52,15.76,0
129.17,12.42,0
125.83,8.72,0
129.27,4.67,0
128.04,1.56,0
129.28,-2.93,0
124.96,-6.03,0
126.26,-11,0
127.39,-17.34,0
128.67,-21.27,0
124.02,-24.8,0
123.43,-28.13,0
126.52,-33.76,0
128.1,-36.98,0
124.42,-41.36,0
129.02,-43.51,0
125.48,-46.46,0
126.32,-49.03,0
121.67,-51.93,0
129.63,-51.01,0
128.4,-53.28,0
125.67,-55.17,0
125.43,-56.16,0
128.93,58.64,0
131.6,57.95,0.796158030166773
132.19,56.94,0
130.13,56.23,0
131.58,53.77,0
131.31,51.8,0
132.38,49.32,0
130.91,47.06,0
133.41,43.99,0
131.99,41.21,0
132.56,36.8,0
130.49,33.68,0
132.38,30,0
128,24.61,0
133.19,22.74,0
131.64,18.32,0
133.83,14.37,0
131.51,8.42,0
135.64,4.96,0
132.47,0.03,0
134.63,-4.43,0
129.88,-7.27,0
131.87,-10.79,0
129.43,-14.51,0
132.1,-18.92,0
128.69,-24.85,0
129.23,-28.36,0
125.68,-30.85,0
132.1,-34.05,0
128.67,-40.08,0
133.28,-40.7,0
130.31,-46.35,0
134.65,-43.59,0
126.08,-51.24,0
134.84,-48.46,0
133.56,-50.65,0
131.05,-52.95,0
128.15,-54.84,0
139.1,56.46,0
136.22,56.61,0
137.42,55.71,0
134.46,55.01,0
136.53,52.81,0
136.75,50.9,0
137.75,48.53,0
136.38,46.08,0
138.77,42.2,0
136.94,39.5,0.796134118739177
138.89,36.44,0.796220147070342
135.89,33.25,0
138.56,29.62,0.796098902548771
138.03,25.38,0
138.15,21.34,0
137.35,17.77,0
141.32,13.89,0.796164169168885
135.47,10.64,0
138.62,7.39,0
137.13,2.24,0
138.59,-1.92,0
136.05,-8.3,0
142.17,-9.25,0
135.14,-14.79,0
137.94,-17.16,0
134.46,-22.1,0
134.35,-26.32,0
132.25,-30.98,0
138.77,-31.72,0
137.88,-34.24,0
138.06,-37.75,0
138.26,-40.91,0
140.09,-42.81,0
130.88,-48.48,0
139.25,-45.82,0
138.4,-48.14,0
136.6,-50.24,0
133.8,-52.31,0
144.4,55.12,0
141.86,55.34,0
143.18,54.19,0
140.02,53.78,0
142.22,51.67,0
142.87,49.51,0.796302381274986
142.98,46.99,0
141.62,44.4,0
145.7,41.96,0
143.17,39.51,0.796118382265294
143.96,35.85,0
141.48,32.5,0.796343123235749
148.24,26.64,0
143.01,23.31,0.796223671089093
145.37,20.24,0.796259085005415
143.09,17.17,0
146.53,14.11,0.796207318153856
142.05,10.83,0
145,5.92,0
143.37,2.14,0
143.64,-1.2,0
140.63,-5.88,0
146.77,-10.64,0
137.89,-12.26,0
143.27,-16.18,0
139.21,-20.61,0
138.44,-24.32,0
137.19,-28.87,0
143.32,-29.71,0
145.01,-32.17,0
142.75,-35.06,0
142.54,-38.02,0
143.27,-40.08,0
135.72,-45.67,0
146.51,-43.23,0
142.61,-45.6,0
138.71,-49.76,0
143.14,-47.35,0
151.82,52.49,0
147.23,53.79,0
151.05,50.39,0.796201134044036
145.96,51.96,0
147.86,49.64,0
148.08,47.4,0.796216197097379
152.12,44.29,0
147.11,44.77,0
150.34,41.04,0.796331327295106
148.83,38.27,0
147.81,33.92,0
146.37,30.34,0.796366776223137
154.6,26.77,0.796187383643503
149.52,23.7,0
149.9,19.15,0.796248009897536
151.87,16.09,0.796168387341236
151.22,11.76,0.796263788029935
146.62,9.11,0.796434392439808
148.07,4.15,0.796087601603462
149.26,0.18,0.796493855688962
151.43,-2.47,0.796547482724039
146.24,-4.39,0
147.74,-7.03,0
143.84,-13.13,0
149.87,-14.24,0
143.82,-22.65,0
146.14,-25.09,0
141.9,-26.75,0
148.12,-28.06,0
149.52,-30.81,0
146.88,-35.03,0
147.51,-37.68,0
150.34,-38.15,0
143.1,-43.17,0
149.9,-40.7,0
149.14,-42.8,0
141.28,-47.67,0
151.06,-42.47,0
157.14,50.65,0
156.4,50.69,0
152.96,51.23,0
156.93,49.33,0
154.32,48.61,0.79622362807141
152.96,47.01,0.796201134044036
155.21,42.26,0
156.08,39.28,0.796350490974228
159.49,36.78,0.796221678733049
152.73,36.78,0
153.14,33.74,0
151.52,30.24,0
158.65,25.67,0.796693751689643
154.12,22.13,0
157.15,19.26,0.796246811391179
156.36,15.11,0.796325317984069
155.58,10.96,0.796081564705706
152.22,7.38,0.796301222345933
156.76,4.42,0.796081564705706
153.79,2.28,0.796181406342166
157.44,-1.26,0.796081564705706
154.32,-5.11,0.796432928199292
152.28,-8.7,0
153.53,-11.86,0.796437382732708
149.51,-17.09,0.796410618877619
149.09,-20.44,0
150.82,-23.18,0
152.14,-26.32,0.796225330652723
156.2,-24.76,0
154.08,-29.18,0.796095693329799
151.27,-32.94,0
151.94,-35.25,0
154.81,-35.98,0
146.54,-40.73,0
157.64,-36.06,0
152.68,-40.54,0
154.58,-40.17,0
157.82,-37.8,0
164.13,46.59,0.796485958905999
160.79,48.62,0.796482461561961
161.26,47.67,0.796304968718023
158.85,46.9,0
161.53,44.4,0.796449379669187
156.91,45.05,0
160.62,42.2,0.796517098265974
161.45,39.8,0.796355546630885
164.76,34.7,0.796562086421029
159.23,34.03,0
162.03,30.64,0.796672510497806
157.02,30.32,0.796286551839888
163.51,27.22,0.796562086421029
160.52,21.97,0.796733097528571
168.65,16.6,0.796487760367941
162.14,14.26,0.796868506145949
162.12,11.21,0.796645875831332
157.85,7.72,0.796158908817652
163.25,4.46,0.797018648188894
160.3,0.76,0.796584098888036
164.92,-2.06,0.797059762990517
160.29,-4.39,0.796294894884002
158.04,-7.72,0.796089655525744
155.66,-15.01,0.796157922333471
160.23,-15.48,0.797031643081278
154.15,-18.47,0.796797980735698
159.06,-18.54,0.796337840609829
155.1,-21.56,0.796129377007013
159.73,-21.65,0.796092209631139
157.72,-27.73,0.796200327428023
162.14,-27.09,0.796759416651705
155.77,-31.32,0
164.65,-28.13,0.796880037955536
153.61,-38.44,0
159.57,-33.59,0
156.15,-38.26,0
159.6,-35.84,0
162.4,-34.03,0.796366449503758
168.65,42.78,0.79666562369303
163.82,45.38,0.796110371135257
169.62,40.64,0.796764250253423
166.64,42.52,0.796412258155293
165.57,41.23,0.796228754736067
168.61,38.58,0.796347466057859
169.35,35.01,0.796651810721586
165.23,37.75,0.796481952499278
170.99,31.34,0.796730866300279
166.52,31.66,0.796755055527645
168.36,27.96,0.796581122921808
170.18,24.03,0.796854235280185
165.32,23.66,0.796481952499278
166.9,20.15,0.796497328441009
173.29,12.19,0.796938350146628
168.43,13.33,0.796591721687308
168.55,9.58,0.79644009406153
164.14,7.84,0.796698334794714
169.21,4.7,0.797047107042024
166.49,1.64,0.796643606593672
170.66,-0.69,0.797227183479187
169.72,-4.09,0.797340956328334
164.92,-6.12,0.796600246626011
158.77,-10.88,0
162.71,-12.66,0.796414509681746
168.05,-13.03,0.797408457172664
165.83,-15.91,0.797134038613749
163.95,-18.4,0.797105672932851
168.01,-19.67,0.797395339958009
160.32,-24.72,0.796762892621621
164.72,-24.27,0.797006398433871
159.88,-29.82,0
171.72,-22.01,0.797479675062912
161.83,-30.98,0.796317923992675
166.93,-28.44,0.796883605002299
164.28,-30.96,0.796702548750368
164.91,-31.69,0.796915442710076
166.86,-30.1,0.796710729668959
175.36,34.34,0.797014722942753
171.97,38.76,0.796790588698945
174.26,35.17,0.79681939989263
175.83,32.08,0.797202711630909
177.3,27.98,0.797224630583147
172.58,34.56,0.796774337007852
174.1,31.11,0.796774337007852
175.52,27.03,0.796774337007852
177.02,23.24,0.796774337007852
172.35,27.4,0.797060975506473
174.24,23.02,0.797065932483037
176.47,19.08,0.797137272778657
172.01,19.75,0.796982670419338
177.22,13.8,0.796868444427687
174.16,16.24,0.797177734498288
176.45,9.43,0.796782800961676
179.88,5.73,0.797018410251678
172.94,7.1,0.796996487782274
176.15,4.37,0.797185774181133
174.09,1.84,0.797070994363646
177.65,-0.61,0.796931383066238
175.1,-3.34,0.79708352694934
171.59,-7.04,0.796972850676251
164.05,-8.99,0.796779890055652
168.86,-9.99,0.797014194365195
173.7,-10.7,0.797422742652154
172.25,-13.94,0.797944403523901
170.36,-16.8,0.797542772397886
175.55,-14.98,0.797231562087026
164.02,-21.73,0.796824050027043
168.9,-22.11,0.796787028457315
167.18,-25.48,0.7966322744085
175.04,-18.93,0.797177123634853
169.87,-25.12,0.796737453067943
173.83,-22.2,0.796905890952021
171.11,-25.52,0.797028975311537
168.6,-28.18,0.796807369568488
173.75,-23.38,0.796958178702791
182.01,18.7,0.797202711630909
179.71,25.49,0.797400346514047
177.96,29.36,0.797410724173631
182.95,15.04,0.797202711630909
184.01,9.94,0.797391258272644
180.89,20.75,0.797386296079222
179.13,24.06,0.796972500651574
181.74,16.51,0.797570881823048
184.12,6.56,0.797509601222877
179.46,19.91,0.796671827731806
182.78,12.2,0.797570881823048
179.52,16.19,0.796866424307225
180.77,12.33,0.796639087594021
182.81,8.08,0.797163946225484
184.37,2.59,0.797166648781718
179.77,9.24,0.796801690449966
181.54,-4.65,0.79748053738845
183.41,1.39,0.797081215438755
180.36,2.17,0.7973489921476
183.63,0.73,0.797495544817336
181.64,-0.87,0.796833457907424
178.86,-4.52,0.797112145315152
181.95,-4.2,0.797290861715534
175.72,-7.36,0.79737141746827
183.85,-2.42,0.797242591508431
179.51,-7.88,0.797474715346851
177.17,-11.13,0.797069258998631
182.02,-7.64,0.797557286371095
179.95,-11.2,0.797799602337902
172.8,-18.47,0.796895885360719
178,-14.81,0.797698131000192
183.67,-5.67,0.797685044997303
181.47,-11.52,0.797718511250522
177.59,-17.29,0.797156199425847
184.47,-1.49,0.797613899979276
180.4,-14.36,0.796947509944831
182.96,-8.83,0.79728036719562
178.71,-17.37,0.797311287319348
43.56,-61.24,0
-192.08,25.29,0.798152983425521
124.76,-53.53,0
108.54,-60.51,0
62.26,65.88,0
-29.05,-55.75,0
-178.26,-30.27,0.798784902766267
115.72,-50.11,0
-131.33,-52.53,0.796722774666022
-33.99,52.2,0
-205.42,-3.48,0.798343389632166
-85.69,-67.36,0
132.91,26.83,0
118.3,-16.22,0
-76.63,-24.29,0
134.13,57.65,0
-22.54,-77.57,0
11.61,-72.9,0
32.55,-41.16,0
49.89,11.92,0
34.53,-45.15,0
59.29,-22.83,0
-7.43,39.3,0
71.72,-64.73,0
-5.53,62.9,0
28.11,41.75,0
171.57,37.5,0.79684747620104
114.27,17.36,0
-80.62,30.98,0
24.05,-76.22,0
-158.7,-38.17,0.798215549770337
-104.3,42.36,0.796932831213597
104.06,62.24,0
52.4,66.06,0
-94.48,12.16,0.796250924705373
10.86,-54.12,0
-30.89,-60.81,0
144.01,-19.14,0
-93.23,43.85,0.796133959366261
-177.07,37.4,0.797040541972761
-20.41,-34.23,0
176.19,-20.26,0.796920591195112
156.71,-33.28,0
10.86,-76.45,0
46.34,37.48,0
89.75,41.94,0
-168.41,-3.43,0.798239950714497
-201.82,20.4,0.798419911013801
4.35,55.42,0
-197.83,21.78,0.798381358858396
-32.52,-33.91,0
-131.25,54.06,0.797288862994181
96.44,46.33,0
34.98,-36.7,0
-197.03,16.14,0.797772077509433
143.06,27.37,0.796592692480681
90.14,-43.57,0
145.23,-45.39,0
85.14,59.43,0
-54.91,62.95,0
-72.76,58.61,0
-9.69,57.44,0
14.11,-75.07,0
90.27,58.8,0
96.18,-24.14,0
-17.79,44.21,0
105.53,47.35,0
-24.01,-45.07,0
-128.54,-10.65,0.797949209647656
19.42,-76.38,0
52.48,32.6,0
57.13,-42.32,0
161.65,-33.71,0.796472154228392
93.15,-16.82,0
81.15,-64.59,0
133.67,-37.21,0
182.76,5.08,0.797463281653357
-10.89,-48.99,0
36.86,58.66,0
104.94,-62.44,0
-30.01,52.51,0
-3.38,-58.58,0
-140.49,-16.26,0.79794783739148
-149.88,45.66,0.797337326623566
-116.44,57.71,0.79710880036675
-167.32,28.04,0.798213986612495
-157.51,-43.13,0.798128135566139
-31.79,-76.22,0
102.78,45.35,0
-94.93,-65.56,0
-113.79,-28.45,0.796951980357926
148.16,52.65,0
-207.19,2.85,0.798041547278872
22.58,22.16,0
6.49,51.6,0
45.64,56.23,0
-81.86,60.56,0
-115.32,58.15,0.797155639773721
-45.99,-56.4,0
-85.65,62.14,0
55.98,-68.77,0
162.45,17.72,0.797064551666143
-72.5,-45.34,0
11.82,-78.02,0
-154.79,44.15,0.797223697046208
-134.95,47.15,0.796931269040697
-91.24,35.68,0.796573016089288
11.04,66.43,0
-16.75,27.3,0
166.07,44.87,0.796592758054775
-118.4,-48.86,0
-20.05,-78.11,0
-0.25,63.68,0
